// AUTO-GENERATED by firmware/tools/gen_thai_font.sh — do not edit by hand.
// Source: /System/Library/Fonts/Supplemental/Ayuthaya.ttf  (title 18px, artist 14px)
// Adafruit GFXfont tables for the MUSIC screen's Thai/Latin renderer.
#ifndef THAI_FONT_H
#define THAI_FONT_H
#include "gfxfont.h"

const uint8_t MusicTitleLatinBitmaps[] PROGMEM = {
  0x00, 0xFF, 0xFF, 0xEF, 0x39, 0xCE, 0x73, 0x9C, 0xE7, 0x39, 0xCE, 0x73,
  0x9C, 0x00, 0x00, 0x0E, 0xFF, 0xFE, 0xE0, 0xF1, 0xFE, 0x3F, 0xC7, 0xF8,
  0x7F, 0x0F, 0xC1, 0xF8, 0x3B, 0x07, 0x60, 0xEC, 0x18, 0x00, 0xC1, 0xC0,
  0x18, 0x38, 0x07, 0x06, 0x00, 0xE0, 0xC0, 0x18, 0x38, 0x03, 0x07, 0x00,
  0xE0, 0xC0, 0x1C, 0x18, 0xFF, 0xFF, 0xFF, 0xFF, 0xFC, 0x1C, 0x18, 0x03,
  0x87, 0x00, 0x60, 0xE0, 0x0C, 0x1C, 0x03, 0x83, 0x00, 0x70, 0x60, 0x0C,
  0x1C, 0x01, 0x83, 0x83, 0xFF, 0xFF, 0xFF, 0xFF, 0xF1, 0x83, 0x80, 0x30,
  0x60, 0x0E, 0x0C, 0x01, 0xC3, 0x80, 0x30, 0x70, 0x0E, 0x0C, 0x01, 0xC3,
  0x80, 0x00, 0x01, 0x80, 0x01, 0x80, 0x01, 0x80, 0x0F, 0xFC, 0x3F, 0xFC,
  0x7F, 0xFC, 0x71, 0x80, 0xE1, 0x80, 0xE1, 0x80, 0xE1, 0x80, 0xE1, 0x80,
  0xF1, 0x80, 0x7D, 0x80, 0x3F, 0x80, 0x1F, 0x80, 0x0F, 0xC0, 0x03, 0xF0,
  0x01, 0xF8, 0x01, 0xFC, 0x01, 0xBE, 0x01, 0x9E, 0x01, 0x8F, 0x01, 0x8F,
  0x01, 0x8E, 0x01, 0x8E, 0xC1, 0x9E, 0xFD, 0xFC, 0xFF, 0xF8, 0x7F, 0xE0,
  0x01, 0x80, 0x01, 0x80, 0x01, 0x80, 0x00, 0x00, 0x38, 0x70, 0x03, 0x8F,
  0xE0, 0x1C, 0xF7, 0x81, 0xC7, 0x1C, 0x1C, 0x70, 0x70, 0xE3, 0x83, 0x8E,
  0x1C, 0x1C, 0x60, 0xE0, 0xE7, 0x07, 0x07, 0x70, 0x38, 0x3B, 0x80, 0xE3,
  0xB8, 0x07, 0xFF, 0x80, 0x1F, 0xDC, 0x00, 0x39, 0xC0, 0x00, 0x0C, 0xFC,
  0x00, 0xEF, 0xF0, 0x0E, 0x73, 0x80, 0x67, 0x0E, 0x07, 0x38, 0x70, 0x71,
  0xC3, 0x83, 0x8E, 0x1C, 0x38, 0x70, 0xE3, 0x83, 0x87, 0x1C, 0x1C, 0x71,
  0xC0, 0x73, 0x8C, 0x01, 0xF8, 0xE0, 0x07, 0x8E, 0x00, 0x00, 0x00, 0x03,
  0xE0, 0x00, 0x7F, 0xC0, 0x07, 0xFE, 0x00, 0x38, 0x78, 0x03, 0xC1, 0xC0,
  0x1C, 0x0E, 0x00, 0xE0, 0x70, 0x07, 0x07, 0x00, 0x3C, 0x38, 0x00, 0xE3,
  0x80, 0x07, 0xB8, 0x00, 0x1F, 0x80, 0x00, 0xF8, 0x00, 0x07, 0xC0, 0x00,
  0x7F, 0x07, 0x87, 0xBC, 0x3C, 0x78, 0xF1, 0xE3, 0x87, 0xCF, 0x38, 0x1E,
  0x71, 0xC0, 0x7B, 0x8E, 0x01, 0xFC, 0x70, 0x07, 0xE3, 0x80, 0x3E, 0x1E,
  0x00, 0xF0, 0x70, 0x0F, 0xC3, 0xE0, 0xFF, 0x0F, 0xFF, 0xBC, 0x3F, 0xF1,
  0xF0, 0x7E, 0x00, 0x00, 0xFB, 0xEF, 0xBE, 0xF9, 0xE7, 0x1C, 0x71, 0xC7,
  0x00, 0x00, 0x0E, 0x00, 0xFC, 0x07, 0xF8, 0x1F, 0x80, 0x7C, 0x01, 0xE0,
  0x07, 0x80, 0x0E, 0x00, 0x3C, 0x00, 0x70, 0x01, 0xE0, 0x03, 0x80, 0x07,
  0x00, 0x1E, 0x00, 0x38, 0x00, 0x70, 0x00, 0xE0, 0x01, 0xC0, 0x03, 0x80,
  0x07, 0x00, 0x0E, 0x00, 0x1C, 0x00, 0x1C, 0x00, 0x38, 0x00, 0x78, 0x00,
  0x70, 0x00, 0xF0, 0x00, 0xE0, 0x01, 0xE0, 0x01, 0xE0, 0x01, 0xF0, 0x01,
  0xF8, 0x01, 0xFE, 0x00, 0xFC, 0x00, 0x78, 0xF0, 0x01, 0xF8, 0x03, 0xFC,
  0x00, 0xFC, 0x00, 0x7C, 0x00, 0x3C, 0x00, 0x3C, 0x00, 0x38, 0x00, 0x78,
  0x00, 0x70, 0x00, 0xF0, 0x00, 0xE0, 0x01, 0xC0, 0x03, 0xC0, 0x03, 0x80,
  0x07, 0x00, 0x0E, 0x00, 0x1C, 0x00, 0x38, 0x00, 0x70, 0x00, 0xE0, 0x01,
  0xC0, 0x07, 0x00, 0x0E, 0x00, 0x3C, 0x00, 0x70, 0x01, 0xE0, 0x03, 0x80,
  0x0F, 0x00, 0x3C, 0x01, 0xF0, 0x0F, 0xC0, 0xFF, 0x01, 0xF8, 0x03, 0x80,
  0x00, 0x03, 0x80, 0x07, 0x00, 0x0E, 0x02, 0x1C, 0x27, 0x39, 0xFF, 0x77,
  0xDF, 0xFF, 0x0F, 0xF8, 0x07, 0xC0, 0x3F, 0xE1, 0xFF, 0xF7, 0xDD, 0xF7,
  0x39, 0xE8, 0x70, 0x80, 0xE0, 0x01, 0xC0, 0x03, 0x80, 0x00, 0xE0, 0x00,
  0x1C, 0x00, 0x03, 0x80, 0x00, 0x70, 0x00, 0x0E, 0x00, 0x01, 0xC0, 0x00,
  0x38, 0x00, 0x07, 0x00, 0xFF, 0xFF, 0xFF, 0xFF, 0xFF, 0xFF, 0xFF, 0x80,
  0x70, 0x00, 0x0E, 0x00, 0x01, 0xC0, 0x00, 0x38, 0x00, 0x07, 0x00, 0x00,
  0xE0, 0x00, 0x1C, 0x00, 0x03, 0x80, 0x00, 0x79, 0xFB, 0xFF, 0xF7, 0xE3,
  0xC7, 0x8E, 0x3C, 0xF3, 0xC6, 0x00, 0xFF, 0xFF, 0xFF, 0xFF, 0xFE, 0x77,
  0xFF, 0xFF, 0xB8, 0x00, 0x00, 0xE0, 0x00, 0x0E, 0x00, 0x01, 0xC0, 0x00,
  0x3C, 0x00, 0x03, 0x80, 0x00, 0x70, 0x00, 0x07, 0x00, 0x00, 0xE0, 0x00,
  0x0E, 0x00, 0x01, 0xC0, 0x00, 0x38, 0x00, 0x03, 0x80, 0x00, 0x70, 0x00,
  0x07, 0x00, 0x00, 0xE0, 0x00, 0x1E, 0x00, 0x01, 0xC0, 0x00, 0x38, 0x00,
  0x03, 0x80, 0x00, 0x70, 0x00, 0x07, 0x00, 0x00, 0xE0, 0x00, 0x1E, 0x00,
  0x01, 0xC0, 0x00, 0x38, 0x00, 0x03, 0x80, 0x00, 0x70, 0x00, 0x0F, 0x00,
  0x00, 0xE0, 0x00, 0x00, 0x03, 0xF8, 0x00, 0xFF, 0x80, 0x7F, 0xFC, 0x0F,
  0x0F, 0x83, 0xC0, 0x78, 0x70, 0x0F, 0x1E, 0x01, 0xF3, 0x80, 0x7E, 0x70,
  0x0F, 0xDC, 0x03, 0xBF, 0x80, 0xF7, 0xF0, 0x1C, 0x7E, 0x07, 0x8F, 0xC1,
  0xE1, 0xF8, 0x38, 0x3F, 0x0F, 0x07, 0xE1, 0xC0, 0xFC, 0x70, 0x1F, 0xDE,
  0x03, 0xFB, 0x80, 0xF7, 0xE0, 0x1C, 0xFC, 0x03, 0x9F, 0x00, 0xF1, 0xE0,
  0x1C, 0x3C, 0x07, 0x83, 0xE1, 0xE0, 0x7F, 0xF8, 0x03, 0xFE, 0x00, 0x3F,
  0x00, 0x03, 0xC0, 0x07, 0xC0, 0x0F, 0xC0, 0x3F, 0xC0, 0xFD, 0xC0, 0xF1,
  0xC0, 0xC1, 0xC0, 0x01, 0xC0, 0x01, 0xC0, 0x01, 0xC0, 0x01, 0xC0, 0x01,
  0xC0, 0x01, 0xC0, 0x01, 0xC0, 0x01, 0xC0, 0x01, 0xC0, 0x01, 0xC0, 0x01,
  0xC0, 0x01, 0xC0, 0x01, 0xC0, 0x01, 0xC0, 0x01, 0xC0, 0x01, 0xC0, 0x01,
  0xC0, 0xFF, 0xFF, 0xFF, 0xFF, 0xFF, 0xFF, 0x0F, 0xE0, 0x7F, 0xF8, 0xFF,
  0xFC, 0xE0, 0x3E, 0x80, 0x1E, 0x00, 0x0E, 0x00, 0x0E, 0x00, 0x0E, 0x00,
  0x1E, 0x00, 0x1C, 0x00, 0x3C, 0x00, 0x78, 0x00, 0xF0, 0x01, 0xE0, 0x03,
  0xC0, 0x07, 0x80, 0x0F, 0x00, 0x0E, 0x00, 0x1C, 0x00, 0x38, 0x00, 0x78,
  0x00, 0xF0, 0x00, 0xE0, 0x00, 0xE0, 0x00, 0xE0, 0x00, 0xFF, 0xFF, 0xFF,
  0xFF, 0xFF, 0xFF, 0x1F, 0xE0, 0x7F, 0xF8, 0x7F, 0xFC, 0x70, 0x3C, 0x00,
  0x1E, 0x00, 0x0E, 0x00, 0x0E, 0x00, 0x0E, 0x00, 0x0E, 0x00, 0x1C, 0x00,
  0x3C, 0x00, 0x78, 0x1F, 0xF0, 0x1F, 0xE0, 0x1F, 0xF8, 0x00, 0x7C, 0x00,
  0x1E, 0x00, 0x0F, 0x00, 0x07, 0x00, 0x07, 0x00, 0x07, 0x00, 0x07, 0x00,
  0x07, 0x00, 0x0E, 0x80, 0x1E, 0xF0, 0x3C, 0xFF, 0xFC, 0xFF, 0xF0, 0x3F,
  0xC0, 0x00, 0x1C, 0x00, 0x07, 0x80, 0x01, 0xF0, 0x00, 0x3E, 0x00, 0x0F,
  0xC0, 0x03, 0xF8, 0x00, 0x77, 0x00, 0x1E, 0xE0, 0x07, 0x9C, 0x00, 0xE3,
  0x80, 0x38, 0x70, 0x0F, 0x0E, 0x01, 0xC1, 0xC0, 0x70, 0x38, 0x1E, 0x07,
  0x03, 0x80, 0xE0, 0xE0, 0x1C, 0x1F, 0xFF, 0xFF, 0xFF, 0xFF, 0xFF, 0xFF,
  0xF0, 0x01, 0xC0, 0x00, 0x38, 0x00, 0x07, 0x00, 0x00, 0xE0, 0x00, 0x1C,
  0x00, 0x03, 0x80, 0x00, 0x70, 0x00, 0x7F, 0xFF, 0x3F, 0xFF, 0x9F, 0xFF,
  0xCE, 0x00, 0x07, 0x00, 0x03, 0x80, 0x01, 0xC0, 0x00, 0xE0, 0x00, 0x70,
  0x00, 0x38, 0x00, 0x1F, 0xF0, 0x0F, 0xFE, 0x07, 0xFF, 0xC0, 0x07, 0xF0,
  0x00, 0xFC, 0x00, 0x1E, 0x00, 0x0F, 0x80, 0x03, 0xC0, 0x01, 0xE0, 0x00,
  0xF0, 0x00, 0x78, 0x00, 0x7C, 0x00, 0x3D, 0x00, 0x3E, 0xF0, 0x7E, 0x7F,
  0xFE, 0x3F, 0xFC, 0x03, 0xF8, 0x00, 0x00, 0xFE, 0x01, 0xFF, 0xC0, 0xFF,
  0xF0, 0x7C, 0x0C, 0x1E, 0x00, 0x0E, 0x00, 0x07, 0x80, 0x01, 0xC0, 0x00,
  0x70, 0x00, 0x1C, 0x00, 0x0E, 0x00, 0x03, 0x87, 0xE0, 0xE3, 0xFE, 0x3B,
  0xFF, 0xCF, 0xF0, 0xFB, 0xF0, 0x0E, 0xFC, 0x03, 0xFE, 0x00, 0x7F, 0x80,
  0x1F, 0xE0, 0x07, 0x78, 0x01, 0xDE, 0x00, 0x77, 0x80, 0x3D, 0xE0, 0x0E,
  0x3C, 0x07, 0x87, 0xC3, 0xC1, 0xFF, 0xE0, 0x3F, 0xF0, 0x03, 0xF0, 0x00,
  0xFF, 0xFF, 0xFF, 0xFF, 0xFF, 0xFF, 0xE0, 0x00, 0xF0, 0x00, 0x70, 0x00,
  0x78, 0x00, 0x38, 0x00, 0x38, 0x00, 0x3C, 0x00, 0x1C, 0x00, 0x1C, 0x00,
  0x1E, 0x00, 0x1E, 0x00, 0x0E, 0x00, 0x0E, 0x00, 0x0F, 0x00, 0x07, 0x00,
  0x07, 0x80, 0x03, 0x80, 0x01, 0xC0, 0x01, 0xC0, 0x00, 0xE0, 0x00, 0x70,
  0x00, 0x38, 0x00, 0x1C, 0x00, 0x0E, 0x00, 0x07, 0x00, 0x00, 0x03, 0xF0,
  0x03, 0xFE, 0x07, 0xFF, 0x83, 0xC3, 0xC3, 0xC0, 0xF1, 0xC0, 0x38, 0xE0,
  0x1C, 0x70, 0x0E, 0x3C, 0x0E, 0x0E, 0x07, 0x07, 0xC7, 0x01, 0xF7, 0x80,
  0x7F, 0x00, 0x1F, 0x80, 0x3F, 0xE0, 0x3E, 0xF8, 0x3E, 0x3E, 0x3E, 0x0F,
  0x9E, 0x03, 0xDF, 0x00, 0xFF, 0x00, 0x3F, 0x80, 0x1F, 0xC0, 0x0F, 0xE0,
  0x07, 0xF8, 0x07, 0x3F, 0x0F, 0x8F, 0xFF, 0x83, 0xFF, 0x80, 0x7F, 0x00,
  0x03, 0xF0, 0x03, 0xFF, 0x01, 0xFF, 0xE0, 0xF0, 0xF8, 0x78, 0x0F, 0x1C,
  0x03, 0xCF, 0x00, 0x7B, 0x80, 0x1E, 0xE0, 0x07, 0xB8, 0x01, 0xFE, 0x00,
  0x7F, 0x80, 0x1F, 0xF0, 0x0F, 0xDC, 0x03, 0xF7, 0xC3, 0xDC, 0xFF, 0xF7,
  0x1F, 0xF1, 0xC1, 0xF8, 0x70, 0x00, 0x1C, 0x00, 0x0E, 0x00, 0x03, 0x80,
  0x00, 0xE0, 0x00, 0x70, 0x00, 0x3C, 0x00, 0x0E, 0x0C, 0x0F, 0x83, 0xFF,
  0xC0, 0xFF, 0xC0, 0x1F, 0xC0, 0x00, 0x7B, 0xFF, 0xFF, 0x78, 0xC0, 0x00,
  0x00, 0x00, 0x00, 0x00, 0x00, 0x0C, 0x7B, 0xFF, 0xFF, 0x78, 0x73, 0xEF,
  0xFF, 0x78, 0x80, 0x00, 0x00, 0x00, 0x00, 0x00, 0x02, 0x1E, 0xFF, 0xFF,
  0xDF, 0x1C, 0x71, 0x8E, 0x73, 0x8C, 0x00, 0x00, 0x00, 0x20, 0x00, 0x1C,
  0x00, 0x0F, 0x80, 0x07, 0xE0, 0x03, 0xF0, 0x01, 0xF8, 0x00, 0xFC, 0x00,
  0x7E, 0x00, 0x3F, 0x00, 0x1F, 0x80, 0x00, 0xFC, 0x00, 0x07, 0xE0, 0x00,
  0x3F, 0x00, 0x01, 0xF8, 0x00, 0x0F, 0xC0, 0x00, 0x7E, 0x00, 0x03, 0xE0,
  0x00, 0x1C, 0x00, 0x00, 0x80, 0xFF, 0xFF, 0xFF, 0xFF, 0xFF, 0xFF, 0xFF,
  0x80, 0x00, 0x00, 0x00, 0x00, 0x00, 0x00, 0x3F, 0xFF, 0xFF, 0xFF, 0xFF,
  0xFF, 0xFF, 0xE0, 0x80, 0x00, 0x1C, 0x00, 0x03, 0xE0, 0x00, 0x3F, 0x00,
  0x01, 0xF8, 0x00, 0x0F, 0xC0, 0x00, 0x7E, 0x00, 0x03, 0xF0, 0x00, 0x1F,
  0x80, 0x00, 0xFC, 0x00, 0x7E, 0x00, 0x3F, 0x00, 0x1F, 0x80, 0x0F, 0xC0,
  0x07, 0xE0, 0x03, 0xF0, 0x00, 0xF8, 0x00, 0x1C, 0x00, 0x02, 0x00, 0x00,
  0x00, 0x1F, 0xC3, 0xFF, 0xCF, 0xFF, 0xB8, 0x1F, 0x80, 0x3C, 0x00, 0x70,
  0x01, 0xC0, 0x0F, 0x00, 0x38, 0x01, 0xE0, 0x0F, 0x00, 0x78, 0x03, 0xC0,
  0x1E, 0x00, 0x70, 0x03, 0x80, 0x1E, 0x00, 0x70, 0x01, 0xC0, 0x07, 0x00,
  0x00, 0x00, 0x00, 0x00, 0x00, 0x00, 0x00, 0x1C, 0x00, 0xF8, 0x03, 0xE0,
  0x0F, 0x80, 0x1C, 0x00, 0x01, 0xFC, 0x00, 0x3F, 0xF8, 0x03, 0xC1, 0xE0,
  0x38, 0x03, 0x81, 0x80, 0x0E, 0x18, 0x00, 0x39, 0xC0, 0x00, 0xCC, 0x1F,
  0xC6, 0x63, 0xFE, 0x3F, 0x3E, 0x70, 0xF1, 0xC3, 0x87, 0x9E, 0x1C, 0x3C,
  0xE0, 0xE1, 0xE7, 0x07, 0x0F, 0x38, 0x38, 0x79, 0xC3, 0xC3, 0xCE, 0x3E,
  0x36, 0x3B, 0xFB, 0xB1, 0xFB, 0xF9, 0xC7, 0x8F, 0x86, 0x00, 0x00, 0x30,
  0x00, 0x01, 0xC0, 0x00, 0x06, 0x00, 0x00, 0x38, 0x00, 0x00, 0xE0, 0x08,
  0x03, 0xC1, 0xC0, 0x0F, 0xFE, 0x00, 0x1F, 0xC0, 0x00, 0x00, 0xE0, 0x00,
  0x1F, 0x00, 0x01, 0xF0, 0x00, 0x1F, 0x00, 0x03, 0xF8, 0x00, 0x3F, 0x80,
  0x03, 0xB8, 0x00, 0x7B, 0xC0, 0x07, 0xBC, 0x00, 0x71, 0xC0, 0x07, 0x1E,
  0x00, 0xF1, 0xE0, 0x0E, 0x0E, 0x00, 0xE0, 0xE0, 0x1E, 0x0F, 0x01, 0xC0,
  0x70, 0x1C, 0x07, 0x03, 0xC0, 0x78, 0x3F, 0xFF, 0x83, 0xFF, 0xF8, 0x3F,
  0xFF, 0xC7, 0x80, 0x3C, 0x70, 0x01, 0xC7, 0x00, 0x1E, 0xF0, 0x01, 0xEE,
  0x00, 0x1E, 0xE0, 0x00, 0xE0, 0xFF, 0xC1, 0xFF, 0xE3, 0xFF, 0xE7, 0x03,
  0xEE, 0x03, 0xDC, 0x03, 0xB8, 0x07, 0x70, 0x0E, 0xE0, 0x1D, 0xC0, 0x73,
  0x81, 0xE7, 0x07, 0x8F, 0xFE, 0x1F, 0xFC, 0x3F, 0xFC, 0x70, 0x3C, 0xE0,
  0x3D, 0xC0, 0x3F, 0x80, 0x3F, 0x00, 0x7E, 0x00, 0xFC, 0x01, 0xF8, 0x07,
  0xF0, 0x3E, 0xFF, 0xF9, 0xFF, 0xE3, 0xFF, 0x80, 0x00, 0xFE, 0x01, 0xFF,
  0xC1, 0xFF, 0xE1, 0xF0, 0x31, 0xF0, 0x01, 0xF0, 0x00, 0xF0, 0x00, 0xF0,
  0x00, 0x78, 0x00, 0x3C, 0x00, 0x3C, 0x00, 0x1E, 0x00, 0x0F, 0x00, 0x07,
  0x80, 0x03, 0xC0, 0x01, 0xE0, 0x00, 0xF0, 0x00, 0x78, 0x00, 0x3C, 0x00,
  0x0F, 0x00, 0x07, 0x80, 0x03, 0xE0, 0x00, 0xF0, 0x00, 0x7C, 0x00, 0x1F,
  0x00, 0x07, 0xC0, 0xC1, 0xFF, 0xE0, 0x7F, 0xF0, 0x0F, 0xE0, 0xFF, 0xE0,
  0x7F, 0xFC, 0x3F, 0xFF, 0x1C, 0x07, 0xCE, 0x01, 0xE7, 0x00, 0x7B, 0x80,
  0x1D, 0xC0, 0x0E, 0xE0, 0x03, 0xF0, 0x01, 0xF8, 0x00, 0xFC, 0x00, 0x7E,
  0x00, 0x3F, 0x00, 0x1F, 0x80, 0x0F, 0xC0, 0x07, 0xE0, 0x03, 0xF0, 0x01,
  0xF8, 0x01, 0xDC, 0x00, 0xEE, 0x00, 0x77, 0x00, 0x7B, 0x80, 0x79, 0xC0,
  0xF8, 0xFF, 0xFC, 0x7F, 0xF8, 0x3F, 0xF8, 0x00, 0xFF, 0xFF, 0xFF, 0xFF,
  0xFF, 0xF8, 0x00, 0xE0, 0x03, 0x80, 0x0E, 0x00, 0x38, 0x00, 0xE0, 0x03,
  0x80, 0x0E, 0x00, 0x38, 0x00, 0xFF, 0xFB, 0xFF, 0xEF, 0xFF, 0xB8, 0x00,
  0xE0, 0x03, 0x80, 0x0E, 0x00, 0x38, 0x00, 0xE0, 0x03, 0x80, 0x0E, 0x00,
  0x38, 0x00, 0xFF, 0xFF, 0xFF, 0xFF, 0xFF, 0xC0, 0xFF, 0xFF, 0xFF, 0xFF,
  0xFF, 0xF8, 0x00, 0xE0, 0x03, 0x80, 0x0E, 0x00, 0x38, 0x00, 0xE0, 0x03,
  0x80, 0x0E, 0x00, 0x38, 0x00, 0xFF, 0xFB, 0xFF, 0xEF, 0xFF, 0xB8, 0x00,
  0xE0, 0x03, 0x80, 0x0E, 0x00, 0x38, 0x00, 0xE0, 0x03, 0x80, 0x0E, 0x00,
  0x38, 0x00, 0xE0, 0x03, 0x80, 0x0E, 0x00, 0x00, 0x00, 0xFE, 0x01, 0xFF,
  0xC1, 0xFF, 0xE1, 0xF0, 0x71, 0xF0, 0x01, 0xF0, 0x00, 0xF0, 0x00, 0xF0,
  0x00, 0x78, 0x00, 0x3C, 0x00, 0x3C, 0x00, 0x1E, 0x00, 0x0F, 0x00, 0x07,
  0x80, 0x03, 0xC0, 0x01, 0xE0, 0x3F, 0xF0, 0x1F, 0xF8, 0x0F, 0xFC, 0x00,
  0xEF, 0x00, 0x77, 0x80, 0x3B, 0xE0, 0x1C, 0xF0, 0x0E, 0x7C, 0x07, 0x1F,
  0x03, 0x87, 0xE1, 0xC1, 0xFF, 0xE0, 0x7F, 0xF0, 0x0F, 0xF0, 0xE0, 0x03,
  0xF0, 0x01, 0xF8, 0x00, 0xFC, 0x00, 0x7E, 0x00, 0x3F, 0x00, 0x1F, 0x80,
  0x0F, 0xC0, 0x07, 0xE0, 0x03, 0xF0, 0x01, 0xF8, 0x00, 0xFC, 0x00, 0x7F,
  0xFF, 0xFF, 0xFF, 0xFF, 0xFF, 0xFF, 0xC0, 0x07, 0xE0, 0x03, 0xF0, 0x01,
  0xF8, 0x00, 0xFC, 0x00, 0x7E, 0x00, 0x3F, 0x00, 0x1F, 0x80, 0x0F, 0xC0,
  0x07, 0xE0, 0x03, 0xF0, 0x01, 0xF8, 0x00, 0xE0, 0xFF, 0xFF, 0xFF, 0xFF,
  0xFF, 0xF8, 0x1C, 0x00, 0x38, 0x00, 0x70, 0x00, 0xE0, 0x01, 0xC0, 0x03,
  0x80, 0x07, 0x00, 0x0E, 0x00, 0x1C, 0x00, 0x38, 0x00, 0x70, 0x00, 0xE0,
  0x01, 0xC0, 0x03, 0x80, 0x07, 0x00, 0x0E, 0x00, 0x1C, 0x00, 0x38, 0x00,
  0x70, 0x00, 0xE0, 0x01, 0xC0, 0xFF, 0xFF, 0xFF, 0xFF, 0xFF, 0xF8, 0x07,
  0xFC, 0x1F, 0xF0, 0x7F, 0xC0, 0x07, 0x00, 0x1C, 0x00, 0x70, 0x01, 0xC0,
  0x07, 0x00, 0x1C, 0x00, 0x70, 0x01, 0xC0, 0x07, 0x00, 0x1C, 0x00, 0x70,
  0x01, 0xC0, 0x07, 0x00, 0x1C, 0x00, 0x70, 0x01, 0xC0, 0x07, 0x00, 0x1C,
  0x00, 0x70, 0x03, 0xE0, 0x0E, 0xE0, 0x7B, 0xFF, 0xCF, 0xFE, 0x07, 0xF0,
  0xE0, 0x07, 0x38, 0x03, 0xCE, 0x01, 0xE3, 0x80, 0xF0, 0xE0, 0x38, 0x38,
  0x1E, 0x0E, 0x0F, 0x03, 0x87, 0x80, 0xE1, 0xC0, 0x38, 0xF0, 0x0E, 0x78,
  0x03, 0xBC, 0x00, 0xEE, 0x00, 0x3F, 0xC0, 0x0E, 0xF0, 0x03, 0x9E, 0x00,
  0xE3, 0xC0, 0x38, 0xF8, 0x0E, 0x1E, 0x03, 0x83, 0xC0, 0xE0, 0x78, 0x38,
  0x1F, 0x0E, 0x03, 0xE3, 0x80, 0x78, 0xE0, 0x0F, 0x38, 0x03, 0xEE, 0x00,
  0x7C, 0xE0, 0x03, 0x80, 0x0E, 0x00, 0x38, 0x00, 0xE0, 0x03, 0x80, 0x0E,
  0x00, 0x38, 0x00, 0xE0, 0x03, 0x80, 0x0E, 0x00, 0x38, 0x00, 0xE0, 0x03,
  0x80, 0x0E, 0x00, 0x38, 0x00, 0xE0, 0x03, 0x80, 0x0E, 0x00, 0x38, 0x00,
  0xE0, 0x03, 0x80, 0x0E, 0x00, 0x38, 0x00, 0xFF, 0xFF, 0xFF, 0xFF, 0xFF,
  0xC0, 0xF0, 0x00, 0xFE, 0x00, 0x3F, 0xC0, 0x07, 0xFC, 0x00, 0xFF, 0x80,
  0x3F, 0xF0, 0x07, 0xFF, 0x00, 0xFF, 0xE0, 0x3F, 0xFE, 0x07, 0xFD, 0xC0,
  0xDF, 0xB8, 0x3B, 0xF7, 0x87, 0x7E, 0x70, 0xCF, 0xCE, 0x39, 0xF9, 0xE7,
  0x3F, 0x1C, 0xC7, 0xE3, 0xB8, 0xFC, 0x7F, 0x1F, 0x87, 0xC3, 0xF0, 0xF8,
  0x7E, 0x1E, 0x0F, 0xC0, 0x01, 0xF8, 0x00, 0x3F, 0x00, 0x07, 0xE0, 0x00,
  0xFC, 0x00, 0x1F, 0x80, 0x03, 0x80, 0xE0, 0x03, 0xF8, 0x01, 0xFC, 0x00,
  0xFF, 0x00, 0x7F, 0x80, 0x3F, 0xE0, 0x1F, 0xF8, 0x0F, 0xFC, 0x07, 0xEF,
  0x03, 0xF7, 0x81, 0xF9, 0xE0, 0xFC, 0x70, 0x7E, 0x3C, 0x3F, 0x0E, 0x1F,
  0x87, 0x8F, 0xC1, 0xE7, 0xE0, 0xF3, 0xF0, 0x3D, 0xF8, 0x1E, 0xFC, 0x07,
  0xFE, 0x03, 0xFF, 0x00, 0xFF, 0x80, 0x3F, 0xC0, 0x1F, 0xE0, 0x07, 0xF0,
  0x03, 0xF8, 0x00, 0xE0, 0x03, 0xF8, 0x00, 0xFF, 0x80, 0x7F, 0xFC, 0x0F,
  0x07, 0x83, 0xC0, 0x78, 0x70, 0x07, 0x1C, 0x00, 0xF3, 0x80, 0x0E, 0x70,
  0x01, 0xDC, 0x00, 0x1F, 0x80, 0x03, 0xF0, 0x00, 0x7E, 0x00, 0x0F, 0xC0,
  0x01, 0xF8, 0x00, 0x3F, 0x00, 0x07, 0xE0, 0x00, 0xFC, 0x00, 0x1F, 0x80,
  0x03, 0xF0, 0x00, 0x77, 0x00, 0x1C, 0xE0, 0x03, 0x9C, 0x00, 0x71, 0xC0,
  0x1C, 0x3C, 0x07, 0x83, 0xC1, 0xE0, 0x7F, 0xF8, 0x03, 0xFE, 0x00, 0x3F,
  0x00, 0xFF, 0xE0, 0xFF, 0xF8, 0xFF, 0xFC, 0xE0, 0x3E, 0xE0, 0x0E, 0xE0,
  0x0F, 0xE0, 0x07, 0xE0, 0x07, 0xE0, 0x07, 0xE0, 0x07, 0xE0, 0x0E, 0xE0,
  0x0E, 0xE0, 0x1E, 0xE0, 0x7C, 0xFF, 0xF8, 0xFF, 0xE0, 0xFF, 0x80, 0xE0,
  0x00, 0xE0, 0x00, 0xE0, 0x00, 0xE0, 0x00, 0xE0, 0x00, 0xE0, 0x00, 0xE0,
  0x00, 0xE0, 0x00, 0xE0, 0x00, 0xE0, 0x00, 0x03, 0xF8, 0x00, 0x7F, 0xC0,
  0x0F, 0xFF, 0x01, 0xE0, 0xF0, 0x3C, 0x07, 0x83, 0x80, 0x38, 0x70, 0x03,
  0xC7, 0x00, 0x1C, 0x70, 0x01, 0xCE, 0x00, 0x0E, 0xE0, 0x00, 0xEE, 0x00,
  0x0E, 0xE0, 0x00, 0xEE, 0x00, 0x0E, 0xE0, 0x00, 0xEE, 0x00, 0x0E, 0xE0,
  0x00, 0xEE, 0x00, 0x0E, 0xE0, 0x00, 0xEE, 0x00, 0x0E, 0x70, 0x01, 0xC7,
  0x00, 0x1C, 0x78, 0x03, 0xC3, 0x80, 0x38, 0x3C, 0x07, 0x81, 0xE0, 0xF0,
  0x1F, 0xFE, 0x00, 0x7F, 0xC0, 0x03, 0xF0, 0x00, 0x07, 0x00, 0x00, 0x38,
  0x00, 0x03, 0xC0, 0x00, 0x1F, 0x00, 0x00, 0xFF, 0x00, 0x07, 0xF0, 0x00,
  0x1F, 0xFF, 0xE0, 0x7F, 0xFC, 0x3F, 0xFF, 0x1C, 0x0F, 0x8E, 0x01, 0xE7,
  0x00, 0x73, 0x80, 0x39, 0xC0, 0x1C, 0xE0, 0x0E, 0x70, 0x0E, 0x38, 0x07,
  0x1C, 0x07, 0x0E, 0x07, 0x07, 0xFF, 0x03, 0xFF, 0x01, 0xFF, 0x80, 0xE1,
  0xE0, 0x70, 0xF8, 0x38, 0x3C, 0x1C, 0x0F, 0x0E, 0x07, 0xC7, 0x01, 0xE3,
  0x80, 0xF9, 0xC0, 0x3C, 0xE0, 0x0F, 0x70, 0x07, 0xF8, 0x01, 0xE0, 0x07,
  0xF8, 0x1F, 0xFC, 0x3F, 0xFC, 0x7C, 0x0C, 0x78, 0x00, 0x70, 0x00, 0xF0,
  0x00, 0xF0, 0x00, 0x70, 0x00, 0x78, 0x00, 0x7C, 0x00, 0x3E, 0x00, 0x1F,
  0x80, 0x0F, 0xC0, 0x03, 0xF0, 0x01, 0xF8, 0x00, 0x7C, 0x00, 0x3E, 0x00,
  0x0E, 0x00, 0x0F, 0x00, 0x07, 0x00, 0x07, 0x00, 0x07, 0x00, 0x07, 0x80,
  0x0E, 0xF0, 0x3E, 0xFF, 0xFC, 0xFF, 0xF8, 0x1F, 0xE0, 0xFF, 0xFF, 0xFF,
  0xFF, 0xFF, 0xFF, 0xFF, 0x80, 0x70, 0x00, 0x0E, 0x00, 0x01, 0xC0, 0x00,
  0x38, 0x00, 0x07, 0x00, 0x00, 0xE0, 0x00, 0x1C, 0x00, 0x03, 0x80, 0x00,
  0x70, 0x00, 0x0E, 0x00, 0x01, 0xC0, 0x00, 0x38, 0x00, 0x07, 0x00, 0x00,
  0xE0, 0x00, 0x1C, 0x00, 0x03, 0x80, 0x00, 0x70, 0x00, 0x0E, 0x00, 0x01,
  0xC0, 0x00, 0x38, 0x00, 0x07, 0x00, 0x00, 0xE0, 0x00, 0x1C, 0x00, 0x03,
  0x80, 0x00, 0xE0, 0x03, 0xF0, 0x01, 0xF8, 0x00, 0xFC, 0x00, 0x7E, 0x00,
  0x3F, 0x00, 0x1F, 0x80, 0x0F, 0xC0, 0x07, 0xE0, 0x03, 0xF0, 0x01, 0xF8,
  0x00, 0xFC, 0x00, 0x7E, 0x00, 0x3F, 0x00, 0x1F, 0x80, 0x0F, 0xC0, 0x07,
  0xE0, 0x03, 0xF0, 0x01, 0xF8, 0x00, 0xFC, 0x00, 0x7E, 0x00, 0x3F, 0x00,
  0x1F, 0xC0, 0x1C, 0xE0, 0x1E, 0x7C, 0x1E, 0x1F, 0xFF, 0x07, 0xFF, 0x00,
  0xFE, 0x00, 0xE0, 0x00, 0xEF, 0x00, 0x0E, 0xF0, 0x01, 0xE7, 0x00, 0x1E,
  0x78, 0x01, 0xC7, 0x80, 0x1C, 0x38, 0x03, 0xC3, 0xC0, 0x38, 0x3C, 0x03,
  0x83, 0xC0, 0x78, 0x1C, 0x07, 0x01, 0xE0, 0x70, 0x1E, 0x0F, 0x00, 0xE0,
  0xE0, 0x0F, 0x0E, 0x00, 0xF1, 0xE0, 0x07, 0x1E, 0x00, 0x79, 0xC0, 0x07,
  0x9C, 0x00, 0x3B, 0xC0, 0x03, 0xB8, 0x00, 0x3F, 0x80, 0x03, 0xF8, 0x00,
  0x1F, 0x00, 0x01, 0xF0, 0x00, 0x1F, 0x00, 0x00, 0xF0, 0x00, 0x70, 0x70,
  0x3B, 0x83, 0x81, 0x9C, 0x1E, 0x0C, 0xE1, 0xF0, 0x67, 0x0F, 0x87, 0x38,
  0x7C, 0x39, 0xC3, 0xE1, 0xCE, 0x1B, 0x8E, 0x79, 0xDC, 0x71, 0xCE, 0xE3,
  0x8E, 0x77, 0x18, 0x73, 0x38, 0xC3, 0x99, 0xCE, 0x1C, 0xC7, 0x70, 0xEE,
  0x3B, 0x87, 0x71, 0xDC, 0x3B, 0x8E, 0xE1, 0xF8, 0x77, 0x07, 0xC1, 0xB0,
  0x3E, 0x0F, 0x81, 0xF0, 0x7C, 0x0F, 0x83, 0xE0, 0x7C, 0x1F, 0x03, 0xC0,
  0xF8, 0x1E, 0x03, 0xC0, 0xF0, 0x1E, 0x03, 0x80, 0xF0, 0x78, 0x01, 0xCF,
  0x00, 0x78, 0xF0, 0x1E, 0x1E, 0x03, 0xC1, 0xE0, 0xF0, 0x1E, 0x1C, 0x03,
  0xC7, 0x80, 0x3C, 0xE0, 0x07, 0xBC, 0x00, 0x7F, 0x00, 0x0F, 0xE0, 0x00,
  0xF8, 0x00, 0x1F, 0x00, 0x03, 0xE0, 0x00, 0x7C, 0x00, 0x1F, 0xC0, 0x03,
  0xBC, 0x00, 0xF7, 0x80, 0x1C, 0x78, 0x07, 0x8F, 0x01, 0xE0, 0xF0, 0x3C,
  0x1E, 0x0F, 0x01, 0xE1, 0xC0, 0x3C, 0x78, 0x03, 0xCE, 0x00, 0x7F, 0xC0,
  0x07, 0x80, 0xF0, 0x01, 0xEF, 0x00, 0x39, 0xE0, 0x0F, 0x1E, 0x03, 0xC1,
  0xC0, 0x70, 0x3C, 0x1E, 0x03, 0x83, 0x80, 0x78, 0xF0, 0x07, 0x9C, 0x00,
  0xF7, 0x80, 0x0F, 0xE0, 0x01, 0xFC, 0x00, 0x1F, 0x00, 0x03, 0xE0, 0x00,
  0x38, 0x00, 0x07, 0x00, 0x00, 0xE0, 0x00, 0x1C, 0x00, 0x03, 0x80, 0x00,
  0x70, 0x00, 0x0E, 0x00, 0x01, 0xC0, 0x00, 0x38, 0x00, 0x07, 0x00, 0x00,
  0xE0, 0x00, 0x1C, 0x00, 0x03, 0x80, 0x00, 0xFF, 0xFF, 0xFF, 0xFF, 0xFF,
  0xFF, 0xE0, 0x01, 0xF0, 0x00, 0xF0, 0x00, 0xF0, 0x00, 0x78, 0x00, 0x78,
  0x00, 0x78, 0x00, 0x3C, 0x00, 0x3C, 0x00, 0x1E, 0x00, 0x1E, 0x00, 0x1E,
  0x00, 0x0F, 0x00, 0x0F, 0x00, 0x07, 0x80, 0x07, 0x80, 0x07, 0x80, 0x03,
  0xC0, 0x03, 0xC0, 0x01, 0xE0, 0x01, 0xE0, 0x01, 0xE0, 0x00, 0xFF, 0xFF,
  0xFF, 0xFF, 0xFF, 0xFF, 0xE0, 0xFF, 0xFF, 0xFF, 0xFF, 0xFF, 0xF8, 0x00,
  0xE0, 0x03, 0x80, 0x0E, 0x00, 0x38, 0x00, 0xE0, 0x03, 0x80, 0x0E, 0x00,
  0x38, 0x00, 0xE0, 0x03, 0x80, 0x0E, 0x00, 0x38, 0x00, 0xE0, 0x03, 0x80,
  0x0E, 0x00, 0x38, 0x00, 0xE0, 0x03, 0x80, 0x0E, 0x00, 0x38, 0x00, 0xE0,
  0x03, 0x80, 0x0E, 0x00, 0x38, 0x00, 0xE0, 0x03, 0x80, 0x0E, 0x00, 0x38,
  0x00, 0xFF, 0xFF, 0xFF, 0xFF, 0xFF, 0xC0, 0xE0, 0x00, 0x0E, 0x00, 0x00,
  0x70, 0x00, 0x03, 0x80, 0x00, 0x38, 0x00, 0x01, 0xC0, 0x00, 0x1C, 0x00,
  0x00, 0xE0, 0x00, 0x07, 0x00, 0x00, 0x70, 0x00, 0x03, 0x80, 0x00, 0x38,
  0x00, 0x01, 0xC0, 0x00, 0x1E, 0x00, 0x00, 0xE0, 0x00, 0x07, 0x00, 0x00,
  0x70, 0x00, 0x03, 0x80, 0x00, 0x38, 0x00, 0x01, 0xC0, 0x00, 0x1E, 0x00,
  0x00, 0xE0, 0x00, 0x07, 0x00, 0x00, 0x70, 0x00, 0x03, 0x80, 0x00, 0x3C,
  0x00, 0x01, 0xC0, 0x00, 0x0E, 0x00, 0x00, 0xE0, 0xFF, 0xFF, 0xFF, 0xFF,
  0xFF, 0xC0, 0x07, 0x00, 0x1C, 0x00, 0x70, 0x01, 0xC0, 0x07, 0x00, 0x1C,
  0x00, 0x70, 0x01, 0xC0, 0x07, 0x00, 0x1C, 0x00, 0x70, 0x01, 0xC0, 0x07,
  0x00, 0x1C, 0x00, 0x70, 0x01, 0xC0, 0x07, 0x00, 0x1C, 0x00, 0x70, 0x01,
  0xC0, 0x07, 0x00, 0x1C, 0x00, 0x70, 0x01, 0xC0, 0x07, 0x00, 0x1C, 0x00,
  0x70, 0x01, 0xC0, 0x07, 0xFF, 0xFF, 0xFF, 0xFF, 0xFF, 0xC0, 0x00, 0x40,
  0x00, 0x08, 0x00, 0x03, 0x80, 0x00, 0x70, 0x00, 0x1F, 0x00, 0x03, 0xE0,
  0x00, 0xEE, 0x00, 0x1D, 0xC0, 0x07, 0x1C, 0x00, 0xE3, 0x80, 0x38, 0x38,
  0x07, 0x07, 0x01, 0xC0, 0x70, 0x38, 0x0E, 0x0E, 0x00, 0xE1, 0xC0, 0x1C,
  0x70, 0x01, 0xCE, 0x00, 0x3B, 0x80, 0x03, 0x80, 0xFF, 0xFF, 0xFF, 0xFF,
  0xFF, 0xFF, 0xFF, 0x80, 0x78, 0x1E, 0x07, 0x01, 0xC0, 0x70, 0x1C, 0x03,
  0xFF, 0x03, 0xFF, 0x87, 0xFF, 0xC3, 0xC0, 0xE3, 0xC0, 0x73, 0xC0, 0x39,
  0xC0, 0x1C, 0xE0, 0x0E, 0xE0, 0x07, 0x70, 0x03, 0xB8, 0x01, 0xDC, 0x00,
  0xEE, 0x00, 0x77, 0x00, 0x7B, 0x80, 0x3D, 0xE0, 0x3E, 0x70, 0x3F, 0x3C,
  0x7B, 0x8F, 0xF9, 0xC7, 0xF8, 0xE0, 0xF0, 0x00, 0xE0, 0x00, 0x70, 0x00,
  0x38, 0x00, 0x1C, 0x00, 0x0E, 0x00, 0x07, 0x00, 0x03, 0x80, 0x01, 0xC0,
  0x00, 0xE0, 0xF8, 0x71, 0xFE, 0x39, 0xFF, 0x9D, 0xE1, 0xEF, 0xE0, 0x77,
  0xC0, 0x3F, 0xE0, 0x0F, 0xE0, 0x07, 0xE0, 0x03, 0xF0, 0x01, 0xF8, 0x00,
  0xFC, 0x00, 0x7E, 0x00, 0x77, 0x00, 0x3B, 0x80, 0x3D, 0xC0, 0x3C, 0xE0,
  0x7C, 0x7F, 0xFC, 0x3F, 0xFC, 0x03, 0xF8, 0x00, 0x03, 0xF8, 0x0F, 0xFF,
  0x1F, 0xFF, 0x3E, 0x07, 0x78, 0x01, 0x70, 0x00, 0x70, 0x00, 0xF0, 0x00,
  0xE0, 0x00, 0xE0, 0x00, 0xE0, 0x00, 0xE0, 0x00, 0xE0, 0x00, 0xF0, 0x00,
  0x70, 0x00, 0x78, 0x00, 0x78, 0x00, 0x3E, 0x07, 0x1F, 0xFF, 0x0F, 0xFF,
  0x03, 0xF8, 0x00, 0x03, 0x80, 0x01, 0xC0, 0x00, 0xE0, 0x00, 0x70, 0x00,
  0x38, 0x00, 0x1C, 0x00, 0x0E, 0x00, 0x07, 0x01, 0xFF, 0x83, 0xFF, 0xC3,
  0xFF, 0xE3, 0xE0, 0x73, 0xC0, 0x39, 0xC0, 0x1D, 0xC0, 0x0E, 0xE0, 0x07,
  0xE0, 0x03, 0xF0, 0x01, 0xF8, 0x00, 0xFC, 0x00, 0x7E, 0x00, 0x3F, 0x00,
  0x3F, 0x80, 0x3F, 0xE0, 0x3F, 0x70, 0x3F, 0xBC, 0x3D, 0xCF, 0xFC, 0xE3,
  0xFC, 0x70, 0xF8, 0x00, 0x01, 0xF0, 0x03, 0xFE, 0x07, 0xFF, 0x83, 0xE1,
  0xE3, 0xC0, 0x73, 0xE0, 0x39, 0xE0, 0x0E, 0xF0, 0x07, 0xF8, 0x03, 0xFF,
  0xFF, 0xFF, 0xFF, 0xFE, 0x00, 0x0F, 0x00, 0x03, 0x80, 0x01, 0xE0, 0x00,
  0xF0, 0x00, 0x3C, 0x00, 0x8F, 0x03, 0xC7, 0xFF, 0xE0, 0xFF, 0xE0, 0x3F,
  0x80, 0x00, 0x7F, 0x80, 0xFF, 0xC0, 0xFF, 0xE0, 0xF8, 0x30, 0x70, 0x00,
  0x70, 0x00, 0x38, 0x00, 0x1C, 0x00, 0x0E, 0x00, 0x07, 0x00, 0x3F, 0xFF,
  0x9F, 0xFF, 0xCF, 0xFF, 0xE0, 0x70, 0x00, 0x38, 0x00, 0x1C, 0x00, 0x0E,
  0x00, 0x07, 0x00, 0x03, 0x80, 0x01, 0xC0, 0x00, 0xE0, 0x00, 0x70, 0x00,
  0x38, 0x00, 0x1C, 0x00, 0x0E, 0x00, 0x07, 0x00, 0x03, 0x80, 0x01, 0xC0,
  0x00, 0x01, 0xFF, 0x83, 0xFF, 0xC3, 0xFF, 0xE3, 0xE0, 0x73, 0xC0, 0x39,
  0xC0, 0x1D, 0xC0, 0x0E, 0xE0, 0x07, 0xE0, 0x03, 0xF0, 0x01, 0xF8, 0x00,
  0xFC, 0x00, 0x7E, 0x00, 0x3F, 0x00, 0x3F, 0x80, 0x3F, 0xE0, 0x3F, 0x70,
  0x3F, 0xBC, 0x3D, 0xCF, 0xFC, 0xE3, 0xFC, 0x70, 0xF8, 0x38, 0x00, 0x1C,
  0x00, 0x1D, 0x80, 0x0E, 0xF0, 0x1E, 0x7F, 0xFF, 0x1F, 0xFE, 0x01, 0xFC,
  0x00, 0xE0, 0x00, 0xE0, 0x00, 0xE0, 0x00, 0xE0, 0x00, 0xE0, 0x00, 0xE0,
  0x00, 0xE0, 0x00, 0xE0, 0x00, 0xE0, 0xF8, 0xE3, 0xFC, 0xE7, 0xFE, 0xEF,
  0x0F, 0xFE, 0x0F, 0xF8, 0x07, 0xF0, 0x07, 0xF0, 0x07, 0xE0, 0x07, 0xE0,
  0x07, 0xE0, 0x07, 0xE0, 0x07, 0xE0, 0x07, 0xE0, 0x07, 0xE0, 0x07, 0xE0,
  0x07, 0xE0, 0x07, 0xE0, 0x07, 0xE0, 0x07, 0xE0, 0x07, 0x07, 0x00, 0x3C,
  0x01, 0xE0, 0x0E, 0x00, 0x00, 0x00, 0x00, 0x00, 0x00, 0x00, 0x00, 0x07,
  0xF8, 0x3F, 0xC1, 0xFE, 0x00, 0x70, 0x03, 0x80, 0x1C, 0x00, 0xE0, 0x07,
  0x00, 0x38, 0x01, 0xC0, 0x0E, 0x00, 0x70, 0x03, 0x80, 0x1C, 0x00, 0xE0,
  0x07, 0x00, 0x3F, 0xC1, 0xFE, 0x0F, 0xF0, 0x00, 0x38, 0x03, 0xC0, 0x1E,
  0x00, 0xF0, 0x00, 0x00, 0x00, 0x00, 0x00, 0x00, 0x00, 0x01, 0xFF, 0xCF,
  0xFE, 0x7F, 0xF0, 0x03, 0x80, 0x1C, 0x00, 0xE0, 0x07, 0x00, 0x38, 0x01,
  0xC0, 0x0E, 0x00, 0x70, 0x03, 0x80, 0x1C, 0x00, 0xE0, 0x07, 0x00, 0x38,
  0x01, 0xC0, 0x0E, 0x00, 0x70, 0x03, 0x80, 0x1C, 0x01, 0xE0, 0x0E, 0x80,
  0xF7, 0xFF, 0x3F, 0xF0, 0xFF, 0x00, 0xE0, 0x00, 0x70, 0x00, 0x38, 0x00,
  0x1C, 0x00, 0x0E, 0x00, 0x07, 0x00, 0x03, 0x80, 0x01, 0xC0, 0x00, 0xE0,
  0x00, 0x70, 0x0F, 0xB8, 0x0F, 0x9C, 0x0F, 0x8E, 0x0F, 0x87, 0x0F, 0x83,
  0x8F, 0x01, 0xCF, 0x00, 0xEF, 0x00, 0x7F, 0x00, 0x3B, 0xC0, 0x1C, 0xF0,
  0x0E, 0x3C, 0x07, 0x1F, 0x03, 0x87, 0xC1, 0xC1, 0xF0, 0xE0, 0x7C, 0x70,
  0x1E, 0x38, 0x07, 0x9C, 0x01, 0xE0, 0xFF, 0x81, 0xFF, 0x03, 0xFE, 0x00,
  0x1C, 0x00, 0x38, 0x00, 0x70, 0x00, 0xE0, 0x01, 0xC0, 0x03, 0x80, 0x07,
  0x00, 0x0E, 0x00, 0x1C, 0x00, 0x38, 0x00, 0x70, 0x00, 0xE0, 0x01, 0xC0,
  0x03, 0x80, 0x07, 0x00, 0x0E, 0x00, 0x1C, 0x00, 0x38, 0x00, 0x70, 0x00,
  0xE0, 0x01, 0xC0, 0x03, 0x80, 0x07, 0xFC, 0x0F, 0xF8, 0x1F, 0xF0, 0x03,
  0x83, 0x9C, 0xF8, 0xFB, 0xBF, 0xBF, 0xF6, 0x76, 0x7F, 0x8F, 0x8F, 0xE1,
  0xE1, 0xFC, 0x3C, 0x3F, 0x07, 0x87, 0xE0, 0xE0, 0xFC, 0x1C, 0x1F, 0x83,
  0x83, 0xF0, 0x70, 0x7E, 0x0E, 0x0F, 0xC1, 0xC1, 0xF8, 0x38, 0x3F, 0x07,
  0x07, 0xE0, 0xE0, 0xFC, 0x1C, 0x1F, 0x83, 0x83, 0xF0, 0x70, 0x70, 0x00,
  0xF8, 0xE3, 0xFC, 0xE7, 0xFE, 0xEF, 0x0F, 0xFE, 0x0F, 0xF8, 0x07, 0xF0,
  0x07, 0xF0, 0x07, 0xE0, 0x07, 0xE0, 0x07, 0xE0, 0x07, 0xE0, 0x07, 0xE0,
  0x07, 0xE0, 0x07, 0xE0, 0x07, 0xE0, 0x07, 0xE0, 0x07, 0xE0, 0x07, 0xE0,
  0x07, 0xE0, 0x07, 0x03, 0xE0, 0x07, 0xFC, 0x07, 0xFF, 0x07, 0x83, 0xC7,
  0x80, 0xF3, 0x80, 0x39, 0xC0, 0x1D, 0xC0, 0x07, 0xE0, 0x03, 0xF0, 0x01,
  0xF8, 0x00, 0xFC, 0x00, 0x7E, 0x00, 0x3F, 0x00, 0x1D, 0xC0, 0x1C, 0xE0,
  0x0E, 0x78, 0x0F, 0x1E, 0x0F, 0x07, 0xFF, 0x01, 0xFF, 0x00, 0x3F, 0x00,
  0x00, 0xF8, 0x71, 0xFE, 0x39, 0xFF, 0x9D, 0xE1, 0xEF, 0xE0, 0x77, 0xC0,
  0x3F, 0xE0, 0x0F, 0xE0, 0x07, 0xE0, 0x03, 0xF0, 0x01, 0xF8, 0x00, 0xFC,
  0x00, 0x7E, 0x00, 0x77, 0x00, 0x3B, 0x80, 0x3D, 0xC0, 0x3C, 0xE0, 0x7C,
  0x7F, 0xFC, 0x3F, 0xFC, 0x1F, 0xF8, 0x0E, 0x00, 0x07, 0x00, 0x03, 0x80,
  0x01, 0xC0, 0x00, 0xE0, 0x00, 0x70, 0x00, 0x38, 0x00, 0x00, 0x01, 0xFF,
  0x83, 0xFF, 0xC3, 0xFF, 0xE3, 0xE0, 0x73, 0xC0, 0x39, 0xC0, 0x1D, 0xC0,
  0x0E, 0xE0, 0x07, 0xE0, 0x03, 0xF0, 0x01, 0xF8, 0x00, 0xFC, 0x00, 0x7E,
  0x00, 0x3F, 0x00, 0x3F, 0x80, 0x3F, 0xE0, 0x3F, 0x70, 0x3F, 0xBC, 0x3D,
  0xCF, 0xFC, 0xE3, 0xFC, 0x70, 0xF8, 0x38, 0x00, 0x1C, 0x00, 0x0E, 0x00,
  0x07, 0x00, 0x03, 0x80, 0x01, 0xC0, 0x00, 0xE0, 0x00, 0xFF, 0xC7, 0xFF,
  0x9F, 0xFF, 0x78, 0x7E, 0xE0, 0xFF, 0x01, 0xFE, 0x03, 0xF8, 0x07, 0xE0,
  0x01, 0xC0, 0x03, 0x80, 0x07, 0x00, 0x0E, 0x00, 0x1C, 0x00, 0x38, 0x00,
  0x70, 0x00, 0xE0, 0x01, 0xC0, 0x03, 0x80, 0x07, 0x00, 0x00, 0x07, 0xF8,
  0x1F, 0xFC, 0x3F, 0xFC, 0x7C, 0x0C, 0x70, 0x00, 0x70, 0x00, 0x70, 0x00,
  0x78, 0x00, 0x3F, 0x00, 0x1F, 0xC0, 0x07, 0xF8, 0x01, 0xFC, 0x00, 0x7E,
  0x00, 0x1F, 0x00, 0x0F, 0x00, 0x0F, 0xC0, 0x0F, 0xF0, 0x1E, 0xFF, 0xFE,
  0x7F, 0xFC, 0x0F, 0xF0, 0x07, 0x00, 0x03, 0x80, 0x01, 0xC0, 0x00, 0xE0,
  0x00, 0x70, 0x00, 0x38, 0x00, 0x1C, 0x01, 0xFF, 0xFF, 0xFF, 0xFF, 0xFF,
  0xFF, 0xC1, 0xC0, 0x00, 0xE0, 0x00, 0x70, 0x00, 0x38, 0x00, 0x1C, 0x00,
  0x0E, 0x00, 0x07, 0x00, 0x03, 0x80, 0x01, 0xC0, 0x00, 0xE0, 0x00, 0x70,
  0x00, 0x3C, 0x00, 0x0F, 0x06, 0x07, 0xFF, 0x01, 0xFF, 0x80, 0x3F, 0x00,
  0xE0, 0x07, 0xE0, 0x07, 0xE0, 0x07, 0xE0, 0x07, 0xE0, 0x07, 0xE0, 0x07,
  0xE0, 0x07, 0xE0, 0x07, 0xE0, 0x07, 0xE0, 0x07, 0xE0, 0x07, 0xE0, 0x07,
  0xE0, 0x0F, 0xE0, 0x0F, 0xE0, 0x1F, 0xF0, 0x3F, 0xF0, 0xF7, 0x7F, 0xE7,
  0x3F, 0xC7, 0x1F, 0x00, 0xE0, 0x00, 0xEF, 0x00, 0x0E, 0x70, 0x01, 0xE7,
  0x80, 0x1C, 0x38, 0x03, 0xC3, 0x80, 0x38, 0x3C, 0x07, 0x81, 0xC0, 0x70,
  0x1E, 0x07, 0x00, 0xE0, 0xE0, 0x0F, 0x0E, 0x00, 0x71, 0xE0, 0x07, 0x9C,
  0x00, 0x7B, 0xC0, 0x03, 0xB8, 0x00, 0x3F, 0x80, 0x01, 0xF0, 0x00, 0x1F,
  0x00, 0x00, 0xE0, 0x00, 0xE0, 0x70, 0x3B, 0x83, 0x81, 0xDC, 0x3E, 0x0C,
  0xE1, 0xF0, 0x67, 0x0F, 0x83, 0x38, 0x6E, 0x39, 0xC7, 0x71, 0xC7, 0x3B,
  0x8E, 0x39, 0x8E, 0x61, 0xCC, 0x73, 0x0E, 0xE3, 0x98, 0x77, 0x1D, 0xC3,
  0xB0, 0x7E, 0x0D, 0x83, 0xF0, 0x7C, 0x1F, 0x03, 0xE0, 0x78, 0x1E, 0x03,
  0xC0, 0xF0, 0x1E, 0x07, 0x80, 0x70, 0x78, 0x03, 0xC7, 0x80, 0xF0, 0xF8,
  0x1C, 0x0F, 0x07, 0x00, 0xF1, 0xE0, 0x0F, 0x78, 0x00, 0xFE, 0x00, 0x1F,
  0x80, 0x01, 0xF0, 0x00, 0x3E, 0x00, 0x0F, 0xE0, 0x01, 0xFE, 0x00, 0x7B,
  0xC0, 0x1E, 0x3C, 0x07, 0x83, 0xC0, 0xE0, 0x7C, 0x3C, 0x07, 0x8F, 0x00,
  0x7B, 0xC0, 0x07, 0x80, 0xF0, 0x00, 0xE7, 0x00, 0x0E, 0x78, 0x01, 0xE3,
  0x80, 0x1C, 0x3C, 0x01, 0xC1, 0xC0, 0x38, 0x1E, 0x03, 0x81, 0xE0, 0x70,
  0x0F, 0x07, 0x00, 0xF0, 0xF0, 0x07, 0x8E, 0x00, 0x78, 0xE0, 0x03, 0xDC,
  0x00, 0x3D, 0xC0, 0x01, 0xFC, 0x00, 0x1F, 0x80, 0x00, 0xF8, 0x00, 0x0F,
  0x00, 0x00, 0x70, 0x00, 0x0E, 0x00, 0x00, 0xE0, 0x00, 0x1C, 0x00, 0x03,
  0xC0, 0x00, 0x78, 0x00, 0xFF, 0x00, 0x0F, 0xE0, 0x00, 0xF8, 0x00, 0x00,
  0x7F, 0xFF, 0x3F, 0xFF, 0x9F, 0xFF, 0xC0, 0x01, 0xE0, 0x01, 0xE0, 0x01,
  0xE0, 0x01, 0xE0, 0x01, 0xE0, 0x01, 0xE0, 0x01, 0xE0, 0x01, 0xE0, 0x01,
  0xF0, 0x01, 0xF0, 0x00, 0xF0, 0x00, 0xF0, 0x00, 0xF0, 0x00, 0xFF, 0xFF,
  0xFF, 0xFF, 0xFF, 0xFF, 0xE0, 0x00, 0xFE, 0x07, 0xFC, 0x1F, 0xF8, 0x3C,
  0x00, 0x70, 0x00, 0xE0, 0x01, 0xC0, 0x03, 0x80, 0x07, 0x80, 0x07, 0x00,
  0x0E, 0x00, 0x1C, 0x00, 0x38, 0x00, 0x70, 0x01, 0xE0, 0x07, 0x80, 0xFE,
  0x01, 0xF0, 0x03, 0xF8, 0x00, 0x78, 0x00, 0x78, 0x00, 0x70, 0x00, 0xE0,
  0x01, 0xC0, 0x03, 0x80, 0x07, 0x00, 0x1E, 0x00, 0x38, 0x00, 0x70, 0x00,
  0xE0, 0x01, 0xC0, 0x03, 0xC0, 0x07, 0xFE, 0x07, 0xFC, 0x03, 0xF8, 0xFF,
  0xFF, 0xFF, 0xFF, 0xFF, 0xFF, 0xFF, 0xFF, 0xFF, 0xFF, 0xFE, 0xFE, 0x00,
  0xFF, 0x80, 0xFF, 0xC0, 0x03, 0xC0, 0x01, 0xC0, 0x01, 0xC0, 0x01, 0xC0,
  0x01, 0xC0, 0x01, 0xC0, 0x03, 0xC0, 0x03, 0x80, 0x03, 0x80, 0x03, 0x80,
  0x03, 0x80, 0x03, 0xC0, 0x01, 0xE0, 0x00, 0xFF, 0x00, 0x3F, 0x00, 0xFF,
  0x01, 0xE0, 0x03, 0xC0, 0x03, 0x80, 0x03, 0x80, 0x03, 0x80, 0x03, 0x80,
  0x03, 0xC0, 0x01, 0xC0, 0x01, 0xC0, 0x01, 0xC0, 0x01, 0xC0, 0x01, 0xC0,
  0x03, 0xC0, 0xFF, 0xC0, 0xFF, 0x80, 0xFE, 0x00, 0x1E, 0x00, 0x07, 0xF0,
  0x0D, 0xFF, 0x81, 0xF0, 0xF8, 0x7C, 0x0F, 0xFD, 0x80, 0x7F, 0x80, 0x03,
  0xC0 };

const GFXglyph MusicTitleLatinGlyphs[] PROGMEM = {
  {     0,   1,   1,  21,    0,    0 },   // 0x20 ' '
  {     1,   5,  28,  21,    8,  -26 },   // 0x21 '!'
  {    19,  11,  10,  21,    5,  -27 },   // 0x22 '"'
  {    33,  19,  27,  21,    1,  -26 },   // 0x23 '#'
  {    98,  16,  32,  21,    3,  -28 },   // 0x24 '$'
  {   162,  21,  29,  22,    0,  -27 },   // 0x25 '%'
  {   239,  21,  29,  21,    0,  -27 },   // 0x26 '&'
  {   316,   6,  11,  21,    8,  -27 },   // 0x27 '''
  {   325,  15,  35,  21,    3,  -27 },   // 0x28 '('
  {   391,  15,  35,  21,    3,  -27 },   // 0x29 ')'
  {   457,  15,  17,  21,    3,  -27 },   // 0x2A '*'
  {   489,  19,  19,  21,    1,  -18 },   // 0x2B '+'
  {   535,   7,  12,  21,    7,   -4 },   // 0x2C ','
  {   546,  13,   3,  21,    4,  -11 },   // 0x2D '-'
  {   551,   5,   6,  21,    8,   -4 },   // 0x2E '.'
  {   555,  20,  29,  21,    1,  -27 },   // 0x2F '/'
  {   628,  19,  29,  21,    1,  -27 },   // 0x30 '0'
  {   697,  16,  27,  21,    3,  -26 },   // 0x31 '1'
  {   751,  16,  28,  21,    3,  -27 },   // 0x32 '2'
  {   807,  16,  29,  21,    3,  -27 },   // 0x33 '3'
  {   865,  19,  27,  21,    1,  -26 },   // 0x34 '4'
  {   930,  17,  28,  21,    2,  -26 },   // 0x35 '5'
  {   990,  18,  29,  21,    2,  -27 },   // 0x36 '6'
  {  1056,  17,  27,  21,    3,  -26 },   // 0x37 '7'
  {  1114,  17,  29,  21,    2,  -27 },   // 0x38 '8'
  {  1176,  18,  29,  21,    1,  -27 },   // 0x39 '9'
  {  1242,   6,  21,  21,    8,  -19 },   // 0x3A ':'
  {  1258,   6,  27,  21,    8,  -19 },   // 0x3B ';'
  {  1279,  19,  19,  21,    1,  -18 },   // 0x3C '<'
  {  1325,  19,   9,  21,    1,  -13 },   // 0x3D '='
  {  1347,  19,  19,  21,    1,  -18 },   // 0x3E '>'
  {  1393,  14,  29,  21,    4,  -27 },   // 0x3F '?'
  {  1444,  21,  29,  22,    0,  -27 },   // 0x40 '@'
  {  1521,  20,  27,  21,    1,  -26 },   // 0x41 'A'
  {  1589,  15,  27,  21,    3,  -26 },   // 0x42 'B'
  {  1640,  17,  29,  21,    2,  -27 },   // 0x43 'C'
  {  1702,  17,  27,  21,    3,  -26 },   // 0x44 'D'
  {  1760,  14,  27,  21,    4,  -26 },   // 0x45 'E'
  {  1808,  14,  27,  21,    4,  -26 },   // 0x46 'F'
  {  1856,  17,  29,  21,    2,  -27 },   // 0x47 'G'
  {  1918,  17,  27,  21,    2,  -26 },   // 0x48 'H'
  {  1976,  15,  27,  21,    3,  -26 },   // 0x49 'I'
  {  2027,  14,  28,  21,    2,  -26 },   // 0x4A 'J'
  {  2076,  18,  27,  21,    3,  -26 },   // 0x4B 'K'
  {  2137,  14,  27,  21,    4,  -26 },   // 0x4C 'L'
  {  2185,  19,  27,  21,    1,  -26 },   // 0x4D 'M'
  {  2250,  17,  27,  21,    2,  -26 },   // 0x4E 'N'
  {  2308,  19,  29,  21,    1,  -27 },   // 0x4F 'O'
  {  2377,  16,  27,  21,    3,  -26 },   // 0x50 'P'
  {  2431,  20,  36,  21,    1,  -27 },   // 0x51 'Q'
  {  2521,  17,  27,  21,    3,  -26 },   // 0x52 'R'
  {  2579,  16,  29,  21,    3,  -27 },   // 0x53 'S'
  {  2637,  19,  27,  21,    1,  -26 },   // 0x54 'T'
  {  2702,  17,  28,  21,    2,  -26 },   // 0x55 'U'
  {  2762,  20,  27,  21,    1,  -26 },   // 0x56 'V'
  {  2830,  21,  27,  21,    0,  -26 },   // 0x57 'W'
  {  2901,  19,  27,  21,    1,  -26 },   // 0x58 'X'
  {  2966,  19,  27,  21,    1,  -26 },   // 0x59 'Y'
  {  3031,  17,  27,  21,    2,  -26 },   // 0x5A 'Z'
  {  3089,  14,  35,  21,    6,  -27 },   // 0x5B '['
  {  3151,  20,  29,  21,    1,  -27 },   // 0x5C '\'
  {  3224,  14,  35,  21,    1,  -27 },   // 0x5D ']'
  {  3286,  19,  19,  21,    1,  -26 },   // 0x5E '^'
  {  3332,  19,   3,  21,    1,    1 },   // 0x5F '_'
  {  3340,   9,   6,  21,    5,  -27 },   // 0x60 '`'
  {  3347,  17,  21,  21,    2,  -19 },   // 0x61 'a'
  {  3392,  17,  28,  21,    2,  -27 },   // 0x62 'b'
  {  3452,  16,  21,  21,    3,  -19 },   // 0x63 'c'
  {  3494,  17,  29,  21,    2,  -27 },   // 0x64 'd'
  {  3556,  17,  21,  21,    2,  -19 },   // 0x65 'e'
  {  3601,  17,  28,  21,    3,  -27 },   // 0x66 'f'
  {  3661,  17,  28,  21,    2,  -19 },   // 0x67 'g'
  {  3721,  16,  28,  21,    3,  -27 },   // 0x68 'h'
  {  3777,  13,  28,  21,    3,  -27 },   // 0x69 'i'
  {  3823,  13,  36,  21,    3,  -27 },   // 0x6A 'j'
  {  3882,  17,  28,  21,    4,  -27 },   // 0x6B 'k'
  {  3942,  15,  28,  21,    2,  -27 },   // 0x6C 'l'
  {  3995,  19,  20,  21,    1,  -19 },   // 0x6D 'm'
  {  4043,  16,  20,  21,    3,  -19 },   // 0x6E 'n'
  {  4083,  17,  21,  21,    2,  -19 },   // 0x6F 'o'
  {  4128,  17,  27,  21,    2,  -19 },   // 0x70 'p'
  {  4186,  17,  27,  21,    2,  -19 },   // 0x71 'q'
  {  4244,  15,  20,  21,    4,  -19 },   // 0x72 'r'
  {  4282,  16,  21,  21,    3,  -19 },   // 0x73 's'
  {  4324,  17,  26,  21,    2,  -24 },   // 0x74 't'
  {  4380,  16,  20,  21,    2,  -18 },   // 0x75 'u'
  {  4420,  20,  19,  21,    1,  -18 },   // 0x76 'v'
  {  4468,  21,  19,  21,    0,  -18 },   // 0x77 'w'
  {  4518,  19,  19,  21,    1,  -18 },   // 0x78 'x'
  {  4564,  20,  27,  21,    1,  -18 },   // 0x79 'y'
  {  4632,  17,  19,  21,    2,  -18 },   // 0x7A 'z'
  {  4673,  15,  35,  21,    4,  -27 },   // 0x7B '{'
  {  4739,   3,  29,  21,    9,  -27 },   // 0x7C '|'
  {  4750,  16,  35,  21,    2,  -27 },   // 0x7D '}'
  {  4820,  19,   7,  21,    1,  -12 } }; // 0x7E '~'

const GFXfont MusicTitleLatin PROGMEM = {
  (uint8_t  *)MusicTitleLatinBitmaps,
  (GFXglyph *)MusicTitleLatinGlyphs,
  0x20, 0x7E, 49 };

const uint8_t MusicTitleThaiBitmaps[] PROGMEM = {
  0xFF, 0xFF, 0xFF, 0xF8, 0x0F, 0xC0, 0x7E, 0x03, 0xF0, 0x1F, 0x80, 0xFC,
  0x07, 0xE0, 0x3F, 0x01, 0xF8, 0x0F, 0xC0, 0x7E, 0x03, 0xF0, 0x1F, 0x80,
  0xFC, 0x07, 0xE0, 0x3F, 0x01, 0xF8, 0x0F, 0xC0, 0x7E, 0x03, 0xF0, 0x1F,
  0x80, 0xFC, 0x07, 0xE0, 0x3F, 0x01, 0xF8, 0x0F, 0xC0, 0x7E, 0x03, 0xF0,
  0x1F, 0x80, 0xFC, 0x07, 0xE0, 0x3F, 0x01, 0xF8, 0x0F, 0xC0, 0x7F, 0xFF,
  0xFF, 0xFC, 0x07, 0xF0, 0x7F, 0xF1, 0xE0, 0xF7, 0x00, 0xFF, 0x80, 0xE7,
  0x81, 0xCE, 0x03, 0xB8, 0x07, 0x70, 0x0E, 0xE0, 0x1D, 0xC0, 0x3B, 0x80,
  0x77, 0x00, 0xEE, 0x01, 0xDC, 0x03, 0xB8, 0x07, 0x70, 0x0E, 0xE0, 0x1D,
  0xC0, 0x38, 0x1E, 0x0E, 0x7F, 0x1D, 0xCE, 0x3F, 0xCE, 0x7F, 0xDC, 0xFC,
  0xF9, 0xF9, 0xF3, 0xF3, 0xE7, 0x7F, 0xCE, 0x77, 0x1C, 0x0E, 0x38, 0x1C,
  0x70, 0x38, 0xE0, 0x71, 0xC0, 0xE3, 0x81, 0xC7, 0x03, 0x8E, 0x1F, 0xFC,
  0x3F, 0xF0, 0x19, 0x8E, 0x7F, 0x9D, 0xFF, 0xBF, 0x27, 0x7F, 0x8E, 0xFF,
  0x9D, 0xF3, 0x3B, 0xE6, 0x77, 0xFD, 0xCE, 0xF3, 0x9C, 0x0E, 0x38, 0x1C,
  0x70, 0x38, 0xE0, 0x71, 0xC0, 0xE3, 0x81, 0xC7, 0x03, 0x8E, 0x1F, 0xFC,
  0x3F, 0xF0, 0x07, 0xF0, 0x1F, 0xFC, 0x7C, 0x1E, 0x70, 0x0F, 0xE0, 0x07,
  0xE3, 0xC7, 0xE7, 0xE7, 0xEE, 0x67, 0xEE, 0x67, 0xEF, 0xE7, 0x7D, 0xC7,
  0x7C, 0x07, 0x7C, 0x07, 0x78, 0x07, 0x38, 0x07, 0x38, 0x07, 0x38, 0x07,
  0x38, 0x07, 0x38, 0x07, 0x0C, 0x30, 0x7C, 0xF8, 0xFF, 0xF3, 0x8C, 0x7F,
  0x00, 0xFC, 0x79, 0xF9, 0xFB, 0xF3, 0x37, 0xEE, 0x6F, 0xDC, 0xDD, 0xFF,
  0xBB, 0xEE, 0x77, 0x80, 0xE7, 0x01, 0xCE, 0x03, 0x9C, 0x07, 0x38, 0x0E,
  0x70, 0x1C, 0xE0, 0x38, 0x19, 0x83, 0x9F, 0xE1, 0xDF, 0xF8, 0xFC, 0x9C,
  0x7F, 0x8E, 0x3F, 0xE7, 0x1F, 0x33, 0x8F, 0x99, 0x87, 0xFD, 0xC3, 0xBC,
  0xC1, 0xC0, 0xC0, 0xE0, 0xE0, 0x71, 0xF0, 0x39, 0xFF, 0x1D, 0xDF, 0xCE,
  0xEE, 0x7F, 0x77, 0x1F, 0xBF, 0x03, 0xCF, 0x00, 0xE0, 0x00, 0x78, 0x03,
  0xF0, 0x0D, 0xC0, 0x37, 0x00, 0xDC, 0x03, 0xF0, 0x07, 0xD0, 0x07, 0xF0,
  0x1C, 0xF0, 0x70, 0xE1, 0xC1, 0xC7, 0x03, 0x9C, 0x07, 0x70, 0x0F, 0xC0,
  0x1F, 0x00, 0x7C, 0x00, 0xF0, 0x01, 0xC0, 0x0F, 0xE0, 0x7F, 0xF3, 0xC0,
  0xF6, 0x00, 0xE8, 0x00, 0xE0, 0x01, 0xC7, 0x83, 0x8F, 0x87, 0x31, 0x8E,
  0x63, 0x1C, 0xC7, 0x79, 0xFE, 0xE1, 0xEF, 0xC0, 0x0F, 0x80, 0x1F, 0x00,
  0x1E, 0x00, 0x3C, 0x00, 0x78, 0x00, 0xF0, 0x0F, 0xF0, 0x1F, 0xFE, 0x3C,
  0x07, 0x98, 0x01, 0xE8, 0x00, 0x70, 0x00, 0x38, 0x00, 0x1C, 0x78, 0x0E,
  0xFE, 0x07, 0x63, 0x03, 0xB1, 0x81, 0xDF, 0xC0, 0xE7, 0xE1, 0xE0, 0x73,
  0xF8, 0x3B, 0xEE, 0x1F, 0xE3, 0x0F, 0xB1, 0x87, 0x9F, 0x83, 0x83, 0x80,
  0x00, 0x00, 0xE0, 0x00, 0x38, 0x7C, 0x0F, 0x1F, 0xEF, 0x87, 0x1D, 0xC1,
  0xF1, 0xDC, 0x3F, 0xBB, 0x86, 0x37, 0x70, 0xC6, 0xEE, 0x0F, 0xF9, 0xC1,
  0xF7, 0x38, 0x01, 0xC7, 0x00, 0x38, 0xE0, 0x07, 0x1C, 0x00, 0xE3, 0x80,
  0x1C, 0x70, 0x03, 0x8E, 0x00, 0x71, 0xC0, 0x0E, 0x38, 0x07, 0xFF, 0x00,
  0xFF, 0xC0, 0x00, 0x00, 0xE0, 0x00, 0x38, 0x42, 0x0E, 0x1F, 0xEF, 0x07,
  0xFC, 0xC0, 0xCC, 0xDC, 0x3E, 0x1B, 0x87, 0xE7, 0x70, 0xCC, 0xEE, 0x19,
  0x9D, 0xC3, 0xF7, 0x38, 0x3C, 0xE7, 0x00, 0x38, 0xE0, 0x07, 0x1C, 0x00,
  0xE3, 0x80, 0x1C, 0x70, 0x03, 0x8E, 0x00, 0x71, 0xC0, 0x0E, 0x38, 0x07,
  0xFF, 0x00, 0xFF, 0xC0, 0x0F, 0xC0, 0xE7, 0xFC, 0x1D, 0xC1, 0xC3, 0xF0,
  0x1C, 0x7F, 0x03, 0x8E, 0x70, 0x71, 0xCE, 0x0E, 0x3B, 0x81, 0xC7, 0x70,
  0x38, 0xEE, 0x07, 0x1D, 0xC0, 0xE3, 0xB8, 0x1C, 0x77, 0x87, 0x8E, 0xF9,
  0xF9, 0xDD, 0x3F, 0xBB, 0x26, 0xFF, 0x64, 0xDB, 0xEF, 0x9F, 0x3C, 0xE1,
  0xC3, 0x80, 0x0F, 0xC0, 0xE7, 0xFC, 0x1D, 0xC1, 0xC3, 0xF0, 0x1C, 0x7F,
  0x03, 0x8E, 0x70, 0x71, 0xCE, 0x0E, 0x3B, 0x81, 0xC7, 0x70, 0x38, 0xEE,
  0x07, 0x1D, 0xC0, 0xE3, 0xB8, 0x1C, 0x77, 0x03, 0x8E, 0xF8, 0x71, 0xDF,
  0x8E, 0x3B, 0x31, 0xC7, 0x66, 0x38, 0xEF, 0xC7, 0xFC, 0xF0, 0xFF, 0x00,
  0x00, 0x00, 0x01, 0xCE, 0x00, 0x7D, 0xC0, 0x08, 0xB8, 0x01, 0x17, 0x00,
  0x37, 0xC0, 0x03, 0xF0, 0x00, 0x3C, 0x00, 0x01, 0xFC, 0x03, 0xFF, 0x07,
  0x83, 0xC7, 0x80, 0xF3, 0xE0, 0x38, 0x7C, 0x1C, 0x1C, 0x0E, 0x1E, 0x07,
  0x0E, 0x03, 0x87, 0x01, 0xC3, 0x80, 0xE1, 0xC0, 0x71, 0xE0, 0x3B, 0xF0,
  0x1F, 0xF8, 0x0F, 0x9C, 0x07, 0xCE, 0x03, 0xFF, 0x01, 0xCF, 0x00, 0xE0,
  0x0C, 0x70, 0x07, 0x38, 0x3F, 0x9C, 0x3F, 0xCE, 0x39, 0xF7, 0x1C, 0xFF,
  0x87, 0xE7, 0xC1, 0xE1, 0xE0, 0x00, 0xFE, 0x00, 0xFF, 0xC0, 0xF0, 0x78,
  0x78, 0x07, 0x1F, 0x81, 0xC1, 0xF0, 0x70, 0x1C, 0x1C, 0x0E, 0x07, 0x07,
  0x01, 0xC1, 0xC0, 0x70, 0x70, 0x1C, 0x1C, 0x07, 0x07, 0x01, 0xCF, 0xC0,
  0x77, 0xF0, 0x1D, 0x9C, 0x07, 0x67, 0x01, 0xDF, 0x80, 0x73, 0xC0, 0x1C,
  0x00, 0x07, 0x19, 0xC1, 0xDF, 0xF0, 0x7F, 0xF8, 0xDF, 0x8E, 0x7F, 0xE7,
  0xFF, 0xFF, 0x9C, 0xF3, 0xC2, 0x1C, 0x0F, 0xC2, 0x7F, 0xFD, 0xFF, 0xFF,
  0x00, 0x4F, 0xF0, 0x1F, 0xFC, 0x00, 0x3C, 0x00, 0x1C, 0x3C, 0x18, 0xFC,
  0x31, 0x9C, 0x63, 0x18, 0xC6, 0x79, 0x8F, 0xF6, 0x0E, 0x7C, 0x00, 0xF8,
  0x01, 0xF0, 0x01, 0xE0, 0x03, 0xC0, 0x03, 0x80, 0x0F, 0x81, 0xB1, 0x01,
  0xE2, 0x03, 0x44, 0x7C, 0xF8, 0x8C, 0xF1, 0x1F, 0xE1, 0xDB, 0xC0, 0x18,
  0x80, 0xC7, 0xF8, 0x3D, 0xFF, 0x8F, 0xF3, 0x71, 0xFF, 0x8E, 0x3F, 0xF9,
  0xCD, 0xF3, 0x39, 0xBE, 0x66, 0x67, 0xFD, 0xCC, 0xEF, 0x3B, 0x1C, 0x0E,
  0x63, 0x81, 0xD8, 0x70, 0x3B, 0x0E, 0x07, 0xC1, 0xC0, 0xF8, 0x38, 0x1E,
  0x07, 0x03, 0xC0, 0xE0, 0x78, 0x1C, 0x0E, 0x03, 0x80, 0x18, 0x60, 0xE7,
  0x9E, 0x1D, 0xFF, 0xC3, 0xB9, 0x9C, 0x7E, 0x03, 0x8F, 0xC0, 0x71, 0xF9,
  0xCE, 0x3F, 0x7D, 0xC7, 0xEC, 0xB8, 0xFD, 0x97, 0x1D, 0xBE, 0xE3, 0xB1,
  0x9C, 0x77, 0x63, 0x8E, 0xED, 0xF9, 0xCF, 0x37, 0xB9, 0xC6, 0xFF, 0x38,
  0xD9, 0xE7, 0x1F, 0x1C, 0xC1, 0xC3, 0x80, 0x0F, 0x80, 0xE3, 0xFE, 0x0E,
  0x70, 0xF0, 0xEE, 0x07, 0x0E, 0xE0, 0x70, 0xE7, 0x87, 0x0E, 0x18, 0x70,
  0xE3, 0x07, 0x0E, 0x70, 0x70, 0xE7, 0x07, 0x0E, 0x70, 0x70, 0xE7, 0x07,
  0x0E, 0x70, 0x70, 0xE7, 0xC7, 0x1F, 0x6E, 0x73, 0xF6, 0x67, 0x63, 0x66,
  0x7E, 0x37, 0xE7, 0x9F, 0x3C, 0x70, 0xE0, 0x07, 0xE0, 0x3F, 0xF0, 0xF0,
  0xF3, 0x80, 0xFE, 0x00, 0xFC, 0x79, 0xF9, 0xFB, 0xF3, 0x37, 0xE6, 0x6F,
  0xCF, 0xDD, 0x8F, 0x3B, 0x8C, 0x73, 0x38, 0xE6, 0xE1, 0xCF, 0x83, 0x9E,
  0x07, 0x3C, 0x0E, 0x78, 0x1C, 0xE0, 0x38, 0x0C, 0x30, 0x7C, 0xF9, 0xFF,
  0xF3, 0xCC, 0x7F, 0x00, 0xFC, 0x01, 0xF8, 0xF3, 0xF3, 0xF7, 0xE6, 0x6F,
  0xCC, 0xDD, 0xDF, 0xBB, 0x8E, 0x73, 0xB8, 0xE7, 0x61, 0xCF, 0x83, 0x9E,
  0x07, 0x3C, 0x0E, 0x70, 0x1C, 0xE0, 0x38, 0x07, 0xE0, 0x3F, 0xF1, 0xF0,
  0xF7, 0x80, 0xFF, 0x00, 0xE7, 0x81, 0xC7, 0x03, 0x9C, 0x07, 0x70, 0x0E,
  0xE0, 0x1D, 0xC0, 0x3B, 0x80, 0x77, 0x00, 0xEF, 0xC1, 0xDD, 0xC3, 0xB9,
  0x87, 0x73, 0x0E, 0xFE, 0x1C, 0x78, 0x38, 0x38, 0x0F, 0x3E, 0x0F, 0xF3,
  0x87, 0xF9, 0xC6, 0x7C, 0xE3, 0x3B, 0xF3, 0x9C, 0xF9, 0x8E, 0x1C, 0xC7,
  0x0E, 0xC3, 0x87, 0x61, 0xC3, 0xF0, 0xE1, 0xF0, 0x70, 0xF8, 0x38, 0x78,
  0x1C, 0x3C, 0x0E, 0x1E, 0x07, 0x0E, 0x03, 0x87, 0x01, 0xC3, 0x80, 0xE0,
  0x0F, 0xC2, 0x7F, 0xFD, 0xC0, 0xFF, 0x00, 0x0F, 0xF8, 0x1F, 0xFE, 0x00,
  0x7F, 0x1C, 0x1E, 0x38, 0x1C, 0x70, 0x38, 0xE0, 0x71, 0xC0, 0xE3, 0x81,
  0xC7, 0x03, 0x8E, 0x07, 0x1C, 0x0E, 0x38, 0x1C, 0xFF, 0xF9, 0xFF, 0xE0,
  0x38, 0x07, 0x3E, 0x03, 0xB3, 0x81, 0xD9, 0xC0, 0xEC, 0xE0, 0x77, 0xF0,
  0x39, 0xF8, 0x1C, 0x1C, 0x0E, 0x0E, 0x07, 0x07, 0x03, 0x83, 0x81, 0xC1,
  0xC1, 0xC0, 0xE1, 0xF0, 0x73, 0xFC, 0x3B, 0xE6, 0x1F, 0xF3, 0x0F, 0xB9,
  0x87, 0x8F, 0xC3, 0x83, 0xC0, 0x38, 0x03, 0xBE, 0x01, 0xF3, 0x80, 0xF9,
  0xC0, 0x7C, 0xE0, 0x3B, 0xF0, 0x1C, 0xF8, 0x0E, 0x1C, 0x07, 0x0E, 0x03,
  0x87, 0x01, 0xC3, 0x80, 0xE1, 0xC0, 0x70, 0xE0, 0x38, 0x70, 0x1C, 0x38,
  0x0E, 0x1C, 0x07, 0x0E, 0x07, 0x9F, 0xFF, 0x8F, 0xFF, 0x80, 0x00, 0x03,
  0x80, 0x01, 0xC0, 0x00, 0xE0, 0x00, 0x70, 0x00, 0x38, 0x00, 0x1C, 0xE0,
  0x0E, 0xF8, 0x07, 0xCE, 0x03, 0xE7, 0x01, 0xF3, 0x80, 0xEF, 0xC0, 0x73,
  0xE0, 0x38, 0x70, 0x1C, 0x38, 0x0E, 0x1C, 0x07, 0x0E, 0x03, 0x87, 0x01,
  0xC3, 0x80, 0xE1, 0xC0, 0x70, 0xE0, 0x38, 0x70, 0x1C, 0x38, 0x1E, 0x7F,
  0xFE, 0x3F, 0xFE, 0x00, 0x38, 0x1D, 0xF0, 0x7E, 0x61, 0xF9, 0x87, 0xE6,
  0x1F, 0xF0, 0x7F, 0x81, 0xF8, 0x07, 0xE0, 0x1F, 0x80, 0x7E, 0x01, 0xF8,
  0x47, 0xE3, 0x9F, 0x9E, 0x7E, 0xED, 0xFB, 0x3F, 0xF8, 0x7F, 0xE0, 0xFF,
  0x03, 0xC0, 0x00, 0x1C, 0x00, 0x70, 0x01, 0xC0, 0x07, 0x00, 0x1C, 0x00,
  0x73, 0x81, 0xFF, 0x07, 0xE6, 0x1F, 0x98, 0x7E, 0x61, 0xFF, 0x07, 0xF8,
  0x1F, 0x80, 0x7E, 0x01, 0xF8, 0x07, 0xE0, 0x1F, 0x8C, 0x7E, 0x39, 0xF9,
  0xE7, 0xEE, 0xDF, 0xB3, 0xFF, 0x87, 0xFE, 0x0F, 0xF0, 0x3C, 0x38, 0x00,
  0xEF, 0x82, 0x1F, 0x38, 0xC3, 0xE7, 0x18, 0x7C, 0xE3, 0x8E, 0xFC, 0xF1,
  0xCF, 0x9F, 0x38, 0x73, 0x67, 0x0E, 0xCC, 0xE1, 0xD8, 0xDC, 0x3B, 0x1B,
  0x87, 0xC3, 0xF0, 0xF8, 0x3E, 0x1F, 0x07, 0xC3, 0xE0, 0x78, 0x78, 0x0F,
  0x0F, 0x01, 0xE1, 0xE0, 0x1C, 0x38, 0x03, 0x80, 0x00, 0x00, 0xE0, 0x00,
  0x1C, 0x00, 0x03, 0x80, 0x00, 0x70, 0x00, 0x0E, 0x00, 0x01, 0xCE, 0x00,
  0x3B, 0xE0, 0x87, 0xCE, 0x10, 0xF9, 0xC6, 0x1F, 0x38, 0xE3, 0xBF, 0x3C,
  0x73, 0xE7, 0xCE, 0x1C, 0xD9, 0xC3, 0xB3, 0x38, 0x76, 0x37, 0x0E, 0xC6,
  0xE1, 0xF0, 0xFC, 0x3E, 0x0F, 0x87, 0xC1, 0xF0, 0xF0, 0x1E, 0x1E, 0x03,
  0xC3, 0xC0, 0x78, 0x70, 0x07, 0x0E, 0x00, 0xE0, 0x01, 0xF8, 0x03, 0xFF,
  0x07, 0xC3, 0xC7, 0x80, 0xF3, 0xE0, 0x38, 0x78, 0x1C, 0x1E, 0x0E, 0x1E,
  0x07, 0x0E, 0x03, 0x87, 0x01, 0xC3, 0x80, 0xE1, 0xC0, 0x70, 0xE0, 0x3B,
  0xF0, 0x1F, 0xF8, 0x0F, 0x9C, 0x07, 0xCE, 0x03, 0xFE, 0x01, 0xCE, 0x00,
  0xE0, 0x38, 0x07, 0x7C, 0x07, 0xCE, 0x07, 0xCE, 0x07, 0xCE, 0x07, 0xFE,
  0x07, 0x3E, 0x07, 0x0E, 0x07, 0x0E, 0x07, 0x0E, 0x07, 0x0E, 0x07, 0x0E,
  0x07, 0x3F, 0x07, 0x7F, 0xC7, 0xEE, 0xE7, 0xEE, 0x7F, 0xEE, 0x3F, 0xFC,
  0x0F, 0x38, 0x07, 0x3C, 0x1D, 0xF8, 0x7E, 0x61, 0xF9, 0x87, 0xE6, 0x1F,
  0xF0, 0x7F, 0x81, 0xD8, 0x07, 0x70, 0x1C, 0x7C, 0x73, 0xF1, 0xDE, 0x07,
  0x70, 0x1D, 0xC0, 0x77, 0x01, 0xDC, 0x07, 0x70, 0x3D, 0xFF, 0xE7, 0xFF,
  0x00, 0x0F, 0xC1, 0x3F, 0xFF, 0x78, 0x7F, 0x70, 0x00, 0xFE, 0x00, 0xFF,
  0xE0, 0x03, 0xF8, 0x00, 0x3C, 0x00, 0x1C, 0x00, 0x1C, 0x00, 0x1C, 0x00,
  0x1C, 0x00, 0x1C, 0x00, 0x7C, 0x00, 0xDC, 0x00, 0xDC, 0x00, 0xDC, 0x00,
  0xFC, 0x00, 0x78, 0x07, 0xE0, 0x3F, 0xF1, 0xE0, 0xF7, 0x00, 0x7F, 0x80,
  0xE7, 0x81, 0xC7, 0x03, 0xBC, 0x07, 0x70, 0x0E, 0xE0, 0x1D, 0xC0, 0x3B,
  0x80, 0x77, 0x00, 0xEF, 0xC1, 0xDD, 0xC3, 0xB9, 0x87, 0x73, 0x0E, 0xFE,
  0x1C, 0xF8, 0x38, 0x00, 0x70, 0x00, 0xE0, 0x01, 0xC0, 0x03, 0x80, 0x07,
  0x00, 0x0E, 0x00, 0x1C, 0x0F, 0xC0, 0xFF, 0xCF, 0x87, 0xB0, 0x06, 0x80,
  0x1C, 0x78, 0x73, 0xF0, 0xCF, 0xE3, 0x73, 0x8D, 0xC7, 0x37, 0x1C, 0xDC,
  0x3B, 0x7E, 0xED, 0xF9, 0xF6, 0x37, 0xD8, 0xCF, 0x73, 0x3C, 0xF8, 0xF1,
  0xE1, 0xC0, 0x01, 0xF8, 0x03, 0xFF, 0x07, 0x83, 0xC7, 0x80, 0xF3, 0xE0,
  0x38, 0x78, 0x1C, 0x1C, 0x0E, 0x1C, 0x07, 0x0E, 0x03, 0x87, 0x01, 0xC3,
  0x80, 0xE1, 0xC0, 0x70, 0xE0, 0x3B, 0xF0, 0x1F, 0xF8, 0x0F, 0x9C, 0x07,
  0xCE, 0x03, 0xFE, 0x01, 0xCE, 0x00, 0xE0, 0x00, 0x70, 0x00, 0x38, 0x00,
  0x1C, 0x00, 0x0E, 0x00, 0x07, 0x00, 0x03, 0x80, 0x01, 0xC0, 0x0F, 0xE0,
  0x7F, 0xF3, 0xC0, 0xF6, 0x00, 0xF8, 0x00, 0xE0, 0x01, 0xC0, 0x03, 0x80,
  0x07, 0x00, 0x0E, 0x00, 0x1C, 0x00, 0x38, 0x00, 0x70, 0x00, 0xE0, 0x0F,
  0xC0, 0x3F, 0x80, 0x67, 0x00, 0xCE, 0x01, 0xF8, 0x00, 0xF0, 0x00, 0x07,
  0x80, 0x0F, 0x81, 0xFF, 0x87, 0xFF, 0x07, 0xEF, 0xC3, 0x80, 0xE3, 0x80,
  0x39, 0xCF, 0x9C, 0xEF, 0xEE, 0x77, 0x37, 0x3F, 0x9B, 0x9F, 0xFD, 0xC7,
  0xDC, 0xE3, 0xE0, 0x71, 0xE0, 0x38, 0x70, 0x1C, 0x38, 0x0E, 0x1C, 0x07,
  0x0E, 0x03, 0x87, 0x01, 0xC3, 0x80, 0xE0, 0x38, 0x03, 0x87, 0xC0, 0x38,
  0xCE, 0x03, 0x8C, 0xE0, 0x38, 0xCE, 0x03, 0x87, 0xE0, 0x38, 0x3E, 0xF3,
  0x80, 0xFF, 0xB9, 0x0F, 0x9B, 0xB0, 0xF9, 0xBB, 0x0F, 0xFB, 0xF0, 0xEF,
  0xFE, 0x0E, 0x3F, 0x80, 0xE0, 0x38, 0x0E, 0x03, 0x80, 0xE0, 0x38, 0x0E,
  0x03, 0x83, 0xFF, 0xF8, 0x3F, 0xFF, 0x00, 0x00, 0x0F, 0x00, 0x1F, 0x0F,
  0xFC, 0x7F, 0xF0, 0xF0, 0x78, 0xC0, 0x1C, 0x80, 0x1C, 0x1E, 0x1C, 0x3F,
  0x1C, 0x3F, 0x9C, 0x73, 0x9C, 0x71, 0xDC, 0x71, 0xDC, 0x70, 0xFC, 0x7C,
  0xFC, 0x7E, 0x7C, 0x63, 0x7C, 0x63, 0x3C, 0x63, 0x3C, 0x3E, 0x3C, 0x1E,
  0x1C, 0x38, 0x1F, 0x7E, 0x1F, 0xF3, 0x8C, 0x79, 0xC6, 0x3C, 0xE3, 0x1B,
  0xF0, 0xF8, 0xF8, 0xFC, 0x1C, 0xEF, 0x0E, 0x63, 0x87, 0x61, 0xC3, 0xB0,
  0xE1, 0xF0, 0x70, 0xF8, 0x38, 0x78, 0x1C, 0x3C, 0x0E, 0x1E, 0x07, 0x0E,
  0x03, 0x87, 0x01, 0xC3, 0x80, 0xE0, 0x00, 0x03, 0xCC, 0x00, 0x3F, 0xB3,
  0x80, 0xE7, 0xFF, 0x03, 0x9E, 0xCE, 0x0F, 0xFB, 0x38, 0x8F, 0xCC, 0xE3,
  0x0E, 0x1F, 0x8C, 0x38, 0x3E, 0x78, 0xE0, 0x39, 0xE3, 0x80, 0xE7, 0xCE,
  0x03, 0xB3, 0x38, 0x0E, 0xCE, 0xE0, 0x3B, 0x1B, 0x80, 0xF8, 0x7E, 0x03,
  0xE0, 0xF8, 0x0F, 0x83, 0xE0, 0x3C, 0x07, 0x80, 0xF0, 0x1E, 0x03, 0xC0,
  0x38, 0x0E, 0x00, 0xE0, 0x0F, 0xE0, 0x7F, 0xF1, 0xE0, 0xF3, 0x00, 0xE4,
  0x00, 0xE0, 0x01, 0xC7, 0x83, 0x9F, 0x87, 0x73, 0x0E, 0xE6, 0x1D, 0xCC,
  0x3B, 0xF0, 0x77, 0xC0, 0xEE, 0x01, 0xDC, 0x03, 0xB8, 0x07, 0x70, 0x1F,
  0xFF, 0xFB, 0xFF, 0xE0, 0x00, 0x00, 0x1F, 0xC2, 0x7F, 0xF7, 0xF0, 0x7E,
  0xE0, 0x3C, 0xE0, 0x7C, 0x7F, 0xDC, 0x3F, 0x1C, 0x00, 0x1C, 0x1E, 0x1C,
  0x3F, 0x1C, 0x63, 0x1C, 0x63, 0x1C, 0x7F, 0x1C, 0x7E, 0x1C, 0x70, 0x1C,
  0x70, 0x1C, 0x70, 0x1C, 0xFF, 0xF8, 0xFF, 0xF0, 0x78, 0x3F, 0xE1, 0xF3,
  0x1F, 0x98, 0xFF, 0xCF, 0xBF, 0xEC, 0xFE, 0x60, 0x03, 0x00, 0x18, 0x00,
  0xC0, 0x06, 0x00, 0x30, 0x01, 0x80, 0x0C, 0x00, 0x60, 0x07, 0x00, 0x38,
  0x03, 0xC0, 0x0C, 0x78, 0x07, 0xE1, 0xF3, 0x0F, 0x98, 0xFF, 0x8F, 0x3F,
  0xF0, 0xFE, 0x00, 0x00, 0x00, 0x00, 0x00, 0x1E, 0x01, 0xF8, 0x7C, 0xC3,
  0xE6, 0x3F, 0xE3, 0xCF, 0xFC, 0x3F, 0x80, 0x78, 0x07, 0xE0, 0x73, 0x07,
  0x98, 0xE7, 0xFE, 0x1F, 0xC0, 0x0F, 0xE0, 0x7F, 0xF3, 0xC0, 0xF6, 0x00,
  0xF8, 0x00, 0xE0, 0x01, 0xC0, 0x03, 0x80, 0x07, 0x00, 0x0E, 0x00, 0x1C,
  0x00, 0x38, 0x00, 0x70, 0x00, 0xE0, 0x01, 0xC0, 0x03, 0x80, 0x07, 0x00,
  0x0E, 0x00, 0x1C, 0x00, 0x38, 0x38, 0x00, 0x00, 0x3E, 0x00, 0x00, 0x31,
  0x80, 0x00, 0x18, 0xC0, 0x00, 0x0C, 0x60, 0x00, 0x03, 0xE0, 0x00, 0x00,
  0xE0, 0x00, 0x00, 0x00, 0x00, 0x00, 0x00, 0x00, 0x00, 0x00, 0x00, 0x00,
  0x00, 0x00, 0x00, 0x00, 0x00, 0x7F, 0x00, 0x00, 0xFF, 0xE0, 0x00, 0xE0,
  0x78, 0x00, 0xE0, 0x1E, 0x00, 0x40, 0x07, 0x00, 0x20, 0x03, 0x80, 0x00,
  0x01, 0xC0, 0x00, 0x00, 0xE0, 0x00, 0x00, 0x70, 0x00, 0x00, 0x38, 0x00,
  0x00, 0x1C, 0x00, 0x00, 0x0E, 0x00, 0x00, 0x07, 0x00, 0x00, 0x03, 0x80,
  0x00, 0x01, 0xC0, 0x00, 0x00, 0xE0, 0x00, 0x00, 0x70, 0x00, 0x00, 0x38,
  0x00, 0x00, 0x1C, 0x0F, 0xC0, 0x7F, 0xE1, 0xC0, 0xE3, 0x7F, 0xEF, 0xFF,
  0xD8, 0x01, 0xC0, 0x00, 0x1C, 0x3F, 0x38, 0xFF, 0xF3, 0x81, 0xE6, 0xFF,
  0xDF, 0xFF, 0xB0, 0x03, 0x80, 0x00, 0x3C, 0x00, 0xFC, 0x3F, 0x19, 0xFF,
  0x37, 0x03, 0xCD, 0xFF, 0xBF, 0xFF, 0x40, 0x07, 0x01, 0xCE, 0x1F, 0x9C,
  0xFF, 0xBB, 0x81, 0xFE, 0xFF, 0xFF, 0xFF, 0xF0, 0x01, 0x80, 0x7B, 0xFC,
  0xF3, 0xFD, 0xF1, 0xC7, 0x1C, 0x78, 0x1F, 0x9F, 0x33, 0xE6, 0x7F, 0xCE,
  0xF9, 0xC7, 0x38, 0xFF, 0x1F, 0xE0, 0xFF, 0xF0, 0xFF, 0xFF, 0xFF, 0xF8,
  0x0F, 0xC0, 0x7E, 0x03, 0xF0, 0x1F, 0x80, 0xFC, 0x07, 0xE0, 0x3F, 0x01,
  0xF8, 0x0F, 0xC0, 0x7E, 0x03, 0xF0, 0x1F, 0x80, 0xFC, 0x07, 0xE0, 0x3F,
  0x01, 0xF8, 0x0F, 0xC0, 0x7E, 0x03, 0xF0, 0x1F, 0x80, 0xFC, 0x07, 0xE0,
  0x3F, 0x01, 0xF8, 0x0F, 0xC0, 0x7E, 0x03, 0xF0, 0x1F, 0x80, 0xFC, 0x07,
  0xE0, 0x3F, 0x01, 0xF8, 0x0F, 0xC0, 0x7F, 0xFF, 0xFF, 0xFC, 0xFF, 0xFF,
  0xFF, 0xF8, 0x0F, 0xC0, 0x7E, 0x03, 0xF0, 0x1F, 0x80, 0xFC, 0x07, 0xE0,
  0x3F, 0x01, 0xF8, 0x0F, 0xC0, 0x7E, 0x03, 0xF0, 0x1F, 0x80, 0xFC, 0x07,
  0xE0, 0x3F, 0x01, 0xF8, 0x0F, 0xC0, 0x7E, 0x03, 0xF0, 0x1F, 0x80, 0xFC,
  0x07, 0xE0, 0x3F, 0x01, 0xF8, 0x0F, 0xC0, 0x7E, 0x03, 0xF0, 0x1F, 0x80,
  0xFC, 0x07, 0xE0, 0x3F, 0x01, 0xF8, 0x0F, 0xC0, 0x7F, 0xFF, 0xFF, 0xFC,
  0xFF, 0xFF, 0xFF, 0xF8, 0x0F, 0xC0, 0x7E, 0x03, 0xF0, 0x1F, 0x80, 0xFC,
  0x07, 0xE0, 0x3F, 0x01, 0xF8, 0x0F, 0xC0, 0x7E, 0x03, 0xF0, 0x1F, 0x80,
  0xFC, 0x07, 0xE0, 0x3F, 0x01, 0xF8, 0x0F, 0xC0, 0x7E, 0x03, 0xF0, 0x1F,
  0x80, 0xFC, 0x07, 0xE0, 0x3F, 0x01, 0xF8, 0x0F, 0xC0, 0x7E, 0x03, 0xF0,
  0x1F, 0x80, 0xFC, 0x07, 0xE0, 0x3F, 0x01, 0xF8, 0x0F, 0xC0, 0x7F, 0xFF,
  0xFF, 0xFC, 0xFF, 0xFF, 0xFF, 0xF8, 0x0F, 0xC0, 0x7E, 0x03, 0xF0, 0x1F,
  0x80, 0xFC, 0x07, 0xE0, 0x3F, 0x01, 0xF8, 0x0F, 0xC0, 0x7E, 0x03, 0xF0,
  0x1F, 0x80, 0xFC, 0x07, 0xE0, 0x3F, 0x01, 0xF8, 0x0F, 0xC0, 0x7E, 0x03,
  0xF0, 0x1F, 0x80, 0xFC, 0x07, 0xE0, 0x3F, 0x01, 0xF8, 0x0F, 0xC0, 0x7E,
  0x03, 0xF0, 0x1F, 0x80, 0xFC, 0x07, 0xE0, 0x3F, 0x01, 0xF8, 0x0F, 0xC0,
  0x7F, 0xFF, 0xFF, 0xFC, 0x01, 0xC0, 0x00, 0x70, 0x00, 0x1C, 0x03, 0xFF,
  0xF0, 0xFF, 0xFF, 0x38, 0x71, 0xCE, 0x1C, 0x3B, 0x87, 0x0E, 0xE1, 0xC3,
  0xB8, 0x70, 0xEE, 0x1C, 0x3B, 0x87, 0x1C, 0xFF, 0xFE, 0x3F, 0xFF, 0x0E,
  0x1C, 0x73, 0x87, 0x0E, 0xE1, 0xC1, 0xF8, 0x70, 0x7E, 0x1C, 0x1F, 0x87,
  0x07, 0xE1, 0xC1, 0xF8, 0x70, 0xEE, 0x1C, 0x7B, 0xFF, 0xFC, 0xFF, 0xFC,
  0x00, 0x70, 0x00, 0x1C, 0x00, 0x07, 0x00, 0x01, 0xC0, 0x00, 0xE3, 0x8E,
  0x38, 0xE3, 0x8E, 0x38, 0xE3, 0x8E, 0x38, 0xE3, 0xEE, 0xFB, 0xEF, 0xF7,
  0x80, 0xE0, 0x71, 0xC0, 0xE3, 0x81, 0xC7, 0x03, 0x8E, 0x07, 0x1C, 0x0E,
  0x38, 0x1C, 0x70, 0x38, 0xE0, 0x71, 0xC0, 0xE3, 0x81, 0xC7, 0x03, 0x8E,
  0x07, 0x1F, 0x8F, 0xBB, 0x9D, 0xF3, 0x3B, 0xE6, 0x76, 0xFC, 0xFC, 0xF0,
  0xF0, 0x0F, 0xC2, 0x3F, 0xFF, 0x78, 0x3F, 0x60, 0x00, 0xFE, 0x00, 0x07,
  0x80, 0x01, 0xC0, 0x01, 0xC0, 0x01, 0xC0, 0x01, 0xC0, 0x01, 0xC0, 0x01,
  0xC0, 0x01, 0xC0, 0x01, 0xC0, 0x01, 0xC0, 0x01, 0xC0, 0x01, 0xC0, 0x01,
  0xC0, 0x01, 0xC0, 0x01, 0xC0, 0x01, 0xC0, 0x01, 0xC0, 0x01, 0xC0, 0x01,
  0xC0, 0x01, 0xC0, 0x01, 0xF0, 0x01, 0xD8, 0x01, 0xD8, 0x01, 0xD8, 0x01,
  0xF8, 0x00, 0xF0, 0x0F, 0xC0, 0x7F, 0xE1, 0xC3, 0xC7, 0xC1, 0xCF, 0xC3,
  0x99, 0x87, 0x33, 0x0E, 0x7E, 0x38, 0x78, 0xF0, 0x01, 0xC0, 0x03, 0x80,
  0x07, 0x00, 0x0E, 0x00, 0x1C, 0x00, 0x38, 0x00, 0x70, 0x00, 0xE0, 0x01,
  0xC0, 0x03, 0x80, 0x07, 0x00, 0x0E, 0x00, 0x1C, 0x00, 0x38, 0x00, 0x70,
  0x00, 0xE0, 0x01, 0xF8, 0x03, 0xB8, 0x07, 0x30, 0x0E, 0x60, 0x1F, 0xC0,
  0x1F, 0x00, 0x60, 0x00, 0x60, 0x70, 0xF0, 0xF0, 0x31, 0xF0, 0x31, 0xF0,
  0x1B, 0xF0, 0x1B, 0x70, 0x1E, 0x70, 0x00, 0x70, 0x00, 0x70, 0x00, 0x70,
  0x00, 0x70, 0x00, 0x70, 0x00, 0x70, 0x00, 0x70, 0x00, 0x70, 0x00, 0x70,
  0x00, 0x70, 0x00, 0x70, 0x00, 0x70, 0x00, 0x70, 0x00, 0x70, 0x00, 0x70,
  0x00, 0x70, 0x00, 0x70, 0x00, 0x70, 0x00, 0x7E, 0x00, 0x77, 0x00, 0x73,
  0x00, 0x73, 0x00, 0x7E, 0x00, 0x3C, 0x0F, 0xE0, 0x7F, 0xF3, 0xC0, 0xF6,
  0x00, 0xF8, 0x00, 0xE0, 0x01, 0xC0, 0x03, 0x80, 0x07, 0x00, 0x0E, 0x00,
  0x1C, 0x00, 0x38, 0x00, 0x70, 0x00, 0xE0, 0x01, 0xC0, 0x03, 0x80, 0x07,
  0x00, 0x0E, 0x00, 0x1C, 0x00, 0x38, 0x00, 0x70, 0x00, 0xE0, 0x01, 0xC0,
  0x03, 0x80, 0x07, 0x00, 0x0E, 0x18, 0xE0, 0xF7, 0xC7, 0xFF, 0xB8, 0xCF,
  0xFC, 0x1F, 0x98, 0x7E, 0x61, 0xF9, 0x87, 0x7E, 0x1C, 0xF0, 0x70, 0x01,
  0xC0, 0x07, 0x00, 0x1C, 0x00, 0x70, 0x01, 0xC0, 0x07, 0x00, 0x1C, 0x00,
  0x70, 0x01, 0xC0, 0x07, 0x00, 0x1C, 0x00, 0x70, 0x01, 0xC0, 0x07, 0x00,
  0x1C, 0x00, 0x70, 0x00, 0x08, 0x00, 0x40, 0x06, 0x3F, 0xF7, 0xFE, 0x38,
  0x03, 0x83, 0x9D, 0x3E, 0xFF, 0x37, 0xB9, 0xB8, 0xFD, 0xC3, 0xC0, 0xFF,
  0xFF, 0xC0, 0x60, 0x78, 0x64, 0x3E, 0x33, 0x73, 0xE3, 0x80, 0x36, 0x7D,
  0xCF, 0x0D, 0x79, 0xEF, 0x38, 0xE4, 0x00, 0x1C, 0x0E, 0x3F, 0xFF, 0xF1,
  0xC0, 0xE0, 0x00, 0x40, 0x0E, 0x0F, 0xC7, 0xE0, 0xCC, 0x0C, 0xC0, 0xFC,
  0x07, 0x80, 0x38, 0xFF, 0x1E, 0x3C, 0x6F, 0x8E, 0x00, 0x0F, 0xC3, 0xF8,
  0xE0, 0x1C, 0x03, 0xE0, 0x7C, 0x3C, 0x07, 0x00, 0xE0, 0x1F, 0xC0, 0xF0,
  0x00, 0x03, 0xF0, 0x03, 0xFF, 0x01, 0xC0, 0xE0, 0xC0, 0x0C, 0x61, 0xE1,
  0x91, 0xFE, 0x2C, 0x7F, 0x8E, 0x3F, 0xF1, 0x8F, 0xFC, 0x63, 0xFF, 0x18,
  0xFF, 0xC6, 0x3F, 0xF1, 0xC7, 0xF8, 0xD1, 0xFE, 0x26, 0x1E, 0x18, 0xC0,
  0x0C, 0x1C, 0x0E, 0x03, 0xFF, 0x00, 0x3F, 0x00, 0x0F, 0xE0, 0x7F, 0xF1,
  0xE0, 0xF3, 0x80, 0xEE, 0x00, 0xFC, 0x01, 0xF8, 0x03, 0xF0, 0x07, 0xE0,
  0x0F, 0xC0, 0x1D, 0xC0, 0x73, 0xC1, 0xE3, 0xFF, 0x81, 0xFC, 0x00, 0x07,
  0xF0, 0x1F, 0xFC, 0x3C, 0x3E, 0x70, 0x0E, 0x70, 0x0F, 0xE0, 0x07, 0xE3,
  0x87, 0xE7, 0xC7, 0xE4, 0x47, 0xE4, 0xC7, 0x73, 0xC6, 0x70, 0xCE, 0x3F,
  0x8C, 0x1F, 0x1C, 0x00, 0x38, 0x00, 0x60, 0x00, 0xC0, 0x20, 0x00, 0x3C,
  0x00, 0x03, 0x80, 0x00, 0xF0, 0x00, 0x1C, 0x00, 0x07, 0x00, 0x01, 0xCE,
  0x78, 0x73, 0xFE, 0x1D, 0xC9, 0xC7, 0x70, 0x71, 0xDF, 0x1C, 0x77, 0xE7,
  0x1D, 0xC9, 0xC7, 0x3E, 0x71, 0xC7, 0x1C, 0x70, 0x07, 0x1C, 0x01, 0xC7,
  0x80, 0xF0, 0xFF, 0xF8, 0x1F, 0xFC, 0x1E, 0x3C, 0x1F, 0xBF, 0x1E, 0x7D,
  0xCE, 0x1C, 0x6E, 0x0E, 0x3F, 0x07, 0x1F, 0x83, 0x8F, 0xC1, 0xC7, 0xF8,
  0xE3, 0xFE, 0x71, 0xF9, 0x38, 0xEC, 0x9C, 0x67, 0xCE, 0x71, 0xC7, 0x30,
  0x00, 0x02, 0x00, 0x01, 0x80, 0x00, 0xC0, 0x00, 0x60, 0x00, 0x70, 0x00,
  0x70, 0x7F, 0xF0, 0x7F, 0xF0, 0x78, 0x00, 0x38, 0x38, 0x38, 0x3E, 0x1C,
  0x39, 0x0E, 0x1C, 0x87, 0x0F, 0xC3, 0x87, 0xC1, 0xC3, 0x00, 0xE0, 0xC0,
  0x38, 0x70, 0x1F, 0xFF, 0x87, 0xC3, 0xC0, 0x00, 0x02, 0x00, 0x01, 0x80,
  0x78, 0xC0, 0x7E, 0x60, 0x21, 0x70, 0x19, 0x70, 0x3F, 0xF0, 0x7E, 0x00,
  0x70, 0x00, 0x38, 0x38, 0x38, 0x3E, 0x1C, 0x39, 0x0E, 0x1C, 0x87, 0x0F,
  0xC3, 0x87, 0xC1, 0xC1, 0x00, 0xF0, 0xC0, 0x38, 0xF0, 0x1F, 0xFF, 0x87,
  0xC3, 0xC0, 0x60, 0x00, 0x3C, 0x00, 0x03, 0x80, 0x00, 0x60, 0x00, 0x18,
  0x00, 0x06, 0x00, 0x00, 0xCF, 0xC0, 0x3F, 0xFC, 0x0F, 0x07, 0x83, 0x00,
  0xE0, 0x00, 0x18, 0x00, 0x07, 0x07, 0x81, 0xC3, 0xF0, 0x70, 0xCC, 0x18,
  0x33, 0x06, 0x0F, 0x83, 0x81, 0xC1, 0xC0, 0x7F, 0xE0, 0x07, 0xE0, 0x00,
  0x01, 0x00, 0x00, 0xE0, 0x00, 0x18, 0x00, 0x07, 0x00, 0x01, 0xC0, 0x00,
  0x71, 0xCE, 0x1C, 0xFF, 0xC7, 0x77, 0x79, 0xF8, 0xCE, 0x7E, 0x23, 0x9F,
  0x80, 0xE7, 0xE0, 0x3B, 0xB8, 0x0E, 0xEE, 0xC3, 0xB3, 0xF8, 0xDC, 0xF2,
  0x36, 0x1C, 0x9B, 0x07, 0xE7, 0x80, 0x73, 0x80, 0x00, 0x02, 0x00, 0x03,
  0x00, 0x03, 0x00, 0x03, 0x00, 0x07, 0x00, 0x0E, 0x1F, 0xFC, 0x3F, 0xF0,
  0x70, 0x00, 0x70, 0x00, 0xE0, 0x00, 0xE0, 0x00, 0xE0, 0x0E, 0xE1, 0x1F,
  0xE3, 0x11, 0xE3, 0x91, 0xF3, 0x9B, 0x76, 0xCF, 0x3E, 0x7E, 0x1E, 0x3C,
  0x00, 0x00, 0x80, 0x00, 0x30, 0x00, 0x0C, 0x00, 0x03, 0x00, 0x01, 0xC0,
  0x00, 0x71, 0xE3, 0x1C, 0xFE, 0xEF, 0x79, 0xBF, 0x9C, 0x3D, 0xEE, 0x07,
  0x33, 0x81, 0xC0, 0xE0, 0x30, 0x38, 0x0C, 0x0E, 0x73, 0x03, 0x9E, 0x60,
  0x78, 0x98, 0x1E, 0x27, 0x03, 0xF8, 0xE0, 0x3C, 0x10, 0x3C, 0x0E, 0x77,
  0xE0, 0xE7, 0xE3, 0x0E, 0x7E, 0x30, 0xE7, 0xE3, 0x1E, 0x7F, 0xE1, 0xE7,
  0xFC, 0x3E, 0x7E, 0x07, 0xE7, 0x70, 0xEE, 0x73, 0xFC, 0xE7, 0x1F, 0x8E,
  0x70, 0x00, 0xE7, 0x00, 0x0E, 0x70, 0x00, 0xE7, 0x00, 0x0E, 0x70, 0x00,
  0xE7, 0x00, 0x1E, 0x70, 0x07, 0xCF, 0x00, 0x79, 0xE0, 0x03, 0x0C, 0x03,
  0xE0, 0x00, 0x00, 0x00, 0x7F, 0xC0, 0x00, 0x00, 0x07, 0x87, 0x00, 0x00,
  0x00, 0x70, 0xFC, 0xE0, 0x00, 0x07, 0x0F, 0xE7, 0x30, 0x00, 0x38, 0xE7,
  0x39, 0x90, 0x03, 0x87, 0x39, 0xCD, 0xD8, 0x1C, 0x39, 0xCF, 0x7E, 0xD0,
  0xE0, 0xFC, 0x7F, 0xFF, 0xFF, 0x03, 0xC7, 0xFF, 0xFC, 0x38, 0x00, 0x37,
  0xBF, 0xC1, 0xC0, 0x03, 0x9D, 0xD8, 0x07, 0x00, 0x1C, 0xEC, 0x00, 0x38,
  0x01, 0xC6, 0x00, 0x00, 0xE0, 0x1C, 0x00, 0x00, 0x03, 0xC3, 0xC0, 0x00,
  0x00, 0x0F, 0xFC, 0x00, 0x00, 0x00, 0x1F, 0x80, 0x00, 0x00, 0x00, 0xFF,
  0xFF, 0xFF, 0xF8, 0x0F, 0xC0, 0x7E, 0x03, 0xF0, 0x1F, 0x80, 0xFC, 0x07,
  0xE0, 0x3F, 0x01, 0xF8, 0x0F, 0xC0, 0x7E, 0x03, 0xF0, 0x1F, 0x80, 0xFC,
  0x07, 0xE0, 0x3F, 0x01, 0xF8, 0x0F, 0xC0, 0x7E, 0x03, 0xF0, 0x1F, 0x80,
  0xFC, 0x07, 0xE0, 0x3F, 0x01, 0xF8, 0x0F, 0xC0, 0x7E, 0x03, 0xF0, 0x1F,
  0x80, 0xFC, 0x07, 0xE0, 0x3F, 0x01, 0xF8, 0x0F, 0xC0, 0x7F, 0xFF, 0xFF,
  0xFC, 0xFF, 0xFF, 0xFF, 0xF8, 0x0F, 0xC0, 0x7E, 0x03, 0xF0, 0x1F, 0x80,
  0xFC, 0x07, 0xE0, 0x3F, 0x01, 0xF8, 0x0F, 0xC0, 0x7E, 0x03, 0xF0, 0x1F,
  0x80, 0xFC, 0x07, 0xE0, 0x3F, 0x01, 0xF8, 0x0F, 0xC0, 0x7E, 0x03, 0xF0,
  0x1F, 0x80, 0xFC, 0x07, 0xE0, 0x3F, 0x01, 0xF8, 0x0F, 0xC0, 0x7E, 0x03,
  0xF0, 0x1F, 0x80, 0xFC, 0x07, 0xE0, 0x3F, 0x01, 0xF8, 0x0F, 0xC0, 0x7F,
  0xFF, 0xFF, 0xFC, 0xFF, 0xFF, 0xFF, 0xF8, 0x0F, 0xC0, 0x7E, 0x03, 0xF0,
  0x1F, 0x80, 0xFC, 0x07, 0xE0, 0x3F, 0x01, 0xF8, 0x0F, 0xC0, 0x7E, 0x03,
  0xF0, 0x1F, 0x80, 0xFC, 0x07, 0xE0, 0x3F, 0x01, 0xF8, 0x0F, 0xC0, 0x7E,
  0x03, 0xF0, 0x1F, 0x80, 0xFC, 0x07, 0xE0, 0x3F, 0x01, 0xF8, 0x0F, 0xC0,
  0x7E, 0x03, 0xF0, 0x1F, 0x80, 0xFC, 0x07, 0xE0, 0x3F, 0x01, 0xF8, 0x0F,
  0xC0, 0x7F, 0xFF, 0xFF, 0xFC, 0xFF, 0xFF, 0xFF, 0xF8, 0x0F, 0xC0, 0x7E,
  0x03, 0xF0, 0x1F, 0x80, 0xFC, 0x07, 0xE0, 0x3F, 0x01, 0xF8, 0x0F, 0xC0,
  0x7E, 0x03, 0xF0, 0x1F, 0x80, 0xFC, 0x07, 0xE0, 0x3F, 0x01, 0xF8, 0x0F,
  0xC0, 0x7E, 0x03, 0xF0, 0x1F, 0x80, 0xFC, 0x07, 0xE0, 0x3F, 0x01, 0xF8,
  0x0F, 0xC0, 0x7E, 0x03, 0xF0, 0x1F, 0x80, 0xFC, 0x07, 0xE0, 0x3F, 0x01,
  0xF8, 0x0F, 0xC0, 0x7F, 0xFF, 0xFF, 0xFC, 0xFF, 0xFF, 0xFF, 0xF8, 0x0F,
  0xC0, 0x7E, 0x03, 0xF0, 0x1F, 0x80, 0xFC, 0x07, 0xE0, 0x3F, 0x01, 0xF8,
  0x0F, 0xC0, 0x7E, 0x03, 0xF0, 0x1F, 0x80, 0xFC, 0x07, 0xE0, 0x3F, 0x01,
  0xF8, 0x0F, 0xC0, 0x7E, 0x03, 0xF0, 0x1F, 0x80, 0xFC, 0x07, 0xE0, 0x3F,
  0x01, 0xF8, 0x0F, 0xC0, 0x7E, 0x03, 0xF0, 0x1F, 0x80, 0xFC, 0x07, 0xE0,
  0x3F, 0x01, 0xF8, 0x0F, 0xC0, 0x7F, 0xFF, 0xFF, 0xFC, 0xFF, 0xFF, 0xFF,
  0xF8, 0x0F, 0xC0, 0x7E, 0x03, 0xF0, 0x1F, 0x80, 0xFC, 0x07, 0xE0, 0x3F,
  0x01, 0xF8, 0x0F, 0xC0, 0x7E, 0x03, 0xF0, 0x1F, 0x80, 0xFC, 0x07, 0xE0,
  0x3F, 0x01, 0xF8, 0x0F, 0xC0, 0x7E, 0x03, 0xF0, 0x1F, 0x80, 0xFC, 0x07,
  0xE0, 0x3F, 0x01, 0xF8, 0x0F, 0xC0, 0x7E, 0x03, 0xF0, 0x1F, 0x80, 0xFC,
  0x07, 0xE0, 0x3F, 0x01, 0xF8, 0x0F, 0xC0, 0x7F, 0xFF, 0xFF, 0xFC, 0xFF,
  0xFF, 0xFF, 0xF8, 0x0F, 0xC0, 0x7E, 0x03, 0xF0, 0x1F, 0x80, 0xFC, 0x07,
  0xE0, 0x3F, 0x01, 0xF8, 0x0F, 0xC0, 0x7E, 0x03, 0xF0, 0x1F, 0x80, 0xFC,
  0x07, 0xE0, 0x3F, 0x01, 0xF8, 0x0F, 0xC0, 0x7E, 0x03, 0xF0, 0x1F, 0x80,
  0xFC, 0x07, 0xE0, 0x3F, 0x01, 0xF8, 0x0F, 0xC0, 0x7E, 0x03, 0xF0, 0x1F,
  0x80, 0xFC, 0x07, 0xE0, 0x3F, 0x01, 0xF8, 0x0F, 0xC0, 0x7F, 0xFF, 0xFF,
  0xFC, 0xFF, 0xFF, 0xFF, 0xF8, 0x0F, 0xC0, 0x7E, 0x03, 0xF0, 0x1F, 0x80,
  0xFC, 0x07, 0xE0, 0x3F, 0x01, 0xF8, 0x0F, 0xC0, 0x7E, 0x03, 0xF0, 0x1F,
  0x80, 0xFC, 0x07, 0xE0, 0x3F, 0x01, 0xF8, 0x0F, 0xC0, 0x7E, 0x03, 0xF0,
  0x1F, 0x80, 0xFC, 0x07, 0xE0, 0x3F, 0x01, 0xF8, 0x0F, 0xC0, 0x7E, 0x03,
  0xF0, 0x1F, 0x80, 0xFC, 0x07, 0xE0, 0x3F, 0x01, 0xF8, 0x0F, 0xC0, 0x7F,
  0xFF, 0xFF, 0xFC, 0xFF, 0xFF, 0xFF, 0xF8, 0x0F, 0xC0, 0x7E, 0x03, 0xF0,
  0x1F, 0x80, 0xFC, 0x07, 0xE0, 0x3F, 0x01, 0xF8, 0x0F, 0xC0, 0x7E, 0x03,
  0xF0, 0x1F, 0x80, 0xFC, 0x07, 0xE0, 0x3F, 0x01, 0xF8, 0x0F, 0xC0, 0x7E,
  0x03, 0xF0, 0x1F, 0x80, 0xFC, 0x07, 0xE0, 0x3F, 0x01, 0xF8, 0x0F, 0xC0,
  0x7E, 0x03, 0xF0, 0x1F, 0x80, 0xFC, 0x07, 0xE0, 0x3F, 0x01, 0xF8, 0x0F,
  0xC0, 0x7F, 0xFF, 0xFF, 0xFC, 0xFF, 0xFF, 0xFF, 0xF8, 0x0F, 0xC0, 0x7E,
  0x03, 0xF0, 0x1F, 0x80, 0xFC, 0x07, 0xE0, 0x3F, 0x01, 0xF8, 0x0F, 0xC0,
  0x7E, 0x03, 0xF0, 0x1F, 0x80, 0xFC, 0x07, 0xE0, 0x3F, 0x01, 0xF8, 0x0F,
  0xC0, 0x7E, 0x03, 0xF0, 0x1F, 0x80, 0xFC, 0x07, 0xE0, 0x3F, 0x01, 0xF8,
  0x0F, 0xC0, 0x7E, 0x03, 0xF0, 0x1F, 0x80, 0xFC, 0x07, 0xE0, 0x3F, 0x01,
  0xF8, 0x0F, 0xC0, 0x7F, 0xFF, 0xFF, 0xFC, 0xFF, 0xFF, 0xFF, 0xF8, 0x0F,
  0xC0, 0x7E, 0x03, 0xF0, 0x1F, 0x80, 0xFC, 0x07, 0xE0, 0x3F, 0x01, 0xF8,
  0x0F, 0xC0, 0x7E, 0x03, 0xF0, 0x1F, 0x80, 0xFC, 0x07, 0xE0, 0x3F, 0x01,
  0xF8, 0x0F, 0xC0, 0x7E, 0x03, 0xF0, 0x1F, 0x80, 0xFC, 0x07, 0xE0, 0x3F,
  0x01, 0xF8, 0x0F, 0xC0, 0x7E, 0x03, 0xF0, 0x1F, 0x80, 0xFC, 0x07, 0xE0,
  0x3F, 0x01, 0xF8, 0x0F, 0xC0, 0x7F, 0xFF, 0xFF, 0xFC, 0xFF, 0xFF, 0xFF,
  0xF8, 0x0F, 0xC0, 0x7E, 0x03, 0xF0, 0x1F, 0x80, 0xFC, 0x07, 0xE0, 0x3F,
  0x01, 0xF8, 0x0F, 0xC0, 0x7E, 0x03, 0xF0, 0x1F, 0x80, 0xFC, 0x07, 0xE0,
  0x3F, 0x01, 0xF8, 0x0F, 0xC0, 0x7E, 0x03, 0xF0, 0x1F, 0x80, 0xFC, 0x07,
  0xE0, 0x3F, 0x01, 0xF8, 0x0F, 0xC0, 0x7E, 0x03, 0xF0, 0x1F, 0x80, 0xFC,
  0x07, 0xE0, 0x3F, 0x01, 0xF8, 0x0F, 0xC0, 0x7F, 0xFF, 0xFF, 0xFC, 0xFF,
  0xFF, 0xFF, 0xF8, 0x0F, 0xC0, 0x7E, 0x03, 0xF0, 0x1F, 0x80, 0xFC, 0x07,
  0xE0, 0x3F, 0x01, 0xF8, 0x0F, 0xC0, 0x7E, 0x03, 0xF0, 0x1F, 0x80, 0xFC,
  0x07, 0xE0, 0x3F, 0x01, 0xF8, 0x0F, 0xC0, 0x7E, 0x03, 0xF0, 0x1F, 0x80,
  0xFC, 0x07, 0xE0, 0x3F, 0x01, 0xF8, 0x0F, 0xC0, 0x7E, 0x03, 0xF0, 0x1F,
  0x80, 0xFC, 0x07, 0xE0, 0x3F, 0x01, 0xF8, 0x0F, 0xC0, 0x7F, 0xFF, 0xFF,
  0xFC, 0xFF, 0xFF, 0xFF, 0xF8, 0x0F, 0xC0, 0x7E, 0x03, 0xF0, 0x1F, 0x80,
  0xFC, 0x07, 0xE0, 0x3F, 0x01, 0xF8, 0x0F, 0xC0, 0x7E, 0x03, 0xF0, 0x1F,
  0x80, 0xFC, 0x07, 0xE0, 0x3F, 0x01, 0xF8, 0x0F, 0xC0, 0x7E, 0x03, 0xF0,
  0x1F, 0x80, 0xFC, 0x07, 0xE0, 0x3F, 0x01, 0xF8, 0x0F, 0xC0, 0x7E, 0x03,
  0xF0, 0x1F, 0x80, 0xFC, 0x07, 0xE0, 0x3F, 0x01, 0xF8, 0x0F, 0xC0, 0x7F,
  0xFF, 0xFF, 0xFC, 0xFF, 0xFF, 0xFF, 0xF8, 0x0F, 0xC0, 0x7E, 0x03, 0xF0,
  0x1F, 0x80, 0xFC, 0x07, 0xE0, 0x3F, 0x01, 0xF8, 0x0F, 0xC0, 0x7E, 0x03,
  0xF0, 0x1F, 0x80, 0xFC, 0x07, 0xE0, 0x3F, 0x01, 0xF8, 0x0F, 0xC0, 0x7E,
  0x03, 0xF0, 0x1F, 0x80, 0xFC, 0x07, 0xE0, 0x3F, 0x01, 0xF8, 0x0F, 0xC0,
  0x7E, 0x03, 0xF0, 0x1F, 0x80, 0xFC, 0x07, 0xE0, 0x3F, 0x01, 0xF8, 0x0F,
  0xC0, 0x7F, 0xFF, 0xFF, 0xFC, 0xFF, 0xFF, 0xFF, 0xF8, 0x0F, 0xC0, 0x7E,
  0x03, 0xF0, 0x1F, 0x80, 0xFC, 0x07, 0xE0, 0x3F, 0x01, 0xF8, 0x0F, 0xC0,
  0x7E, 0x03, 0xF0, 0x1F, 0x80, 0xFC, 0x07, 0xE0, 0x3F, 0x01, 0xF8, 0x0F,
  0xC0, 0x7E, 0x03, 0xF0, 0x1F, 0x80, 0xFC, 0x07, 0xE0, 0x3F, 0x01, 0xF8,
  0x0F, 0xC0, 0x7E, 0x03, 0xF0, 0x1F, 0x80, 0xFC, 0x07, 0xE0, 0x3F, 0x01,
  0xF8, 0x0F, 0xC0, 0x7F, 0xFF, 0xFF, 0xFC, 0xFF, 0xFF, 0xFF, 0xF8, 0x0F,
  0xC0, 0x7E, 0x03, 0xF0, 0x1F, 0x80, 0xFC, 0x07, 0xE0, 0x3F, 0x01, 0xF8,
  0x0F, 0xC0, 0x7E, 0x03, 0xF0, 0x1F, 0x80, 0xFC, 0x07, 0xE0, 0x3F, 0x01,
  0xF8, 0x0F, 0xC0, 0x7E, 0x03, 0xF0, 0x1F, 0x80, 0xFC, 0x07, 0xE0, 0x3F,
  0x01, 0xF8, 0x0F, 0xC0, 0x7E, 0x03, 0xF0, 0x1F, 0x80, 0xFC, 0x07, 0xE0,
  0x3F, 0x01, 0xF8, 0x0F, 0xC0, 0x7F, 0xFF, 0xFF, 0xFC, 0xFF, 0xFF, 0xFF,
  0xF8, 0x0F, 0xC0, 0x7E, 0x03, 0xF0, 0x1F, 0x80, 0xFC, 0x07, 0xE0, 0x3F,
  0x01, 0xF8, 0x0F, 0xC0, 0x7E, 0x03, 0xF0, 0x1F, 0x80, 0xFC, 0x07, 0xE0,
  0x3F, 0x01, 0xF8, 0x0F, 0xC0, 0x7E, 0x03, 0xF0, 0x1F, 0x80, 0xFC, 0x07,
  0xE0, 0x3F, 0x01, 0xF8, 0x0F, 0xC0, 0x7E, 0x03, 0xF0, 0x1F, 0x80, 0xFC,
  0x07, 0xE0, 0x3F, 0x01, 0xF8, 0x0F, 0xC0, 0x7F, 0xFF, 0xFF, 0xFC, 0xFF,
  0xFF, 0xFF, 0xF8, 0x0F, 0xC0, 0x7E, 0x03, 0xF0, 0x1F, 0x80, 0xFC, 0x07,
  0xE0, 0x3F, 0x01, 0xF8, 0x0F, 0xC0, 0x7E, 0x03, 0xF0, 0x1F, 0x80, 0xFC,
  0x07, 0xE0, 0x3F, 0x01, 0xF8, 0x0F, 0xC0, 0x7E, 0x03, 0xF0, 0x1F, 0x80,
  0xFC, 0x07, 0xE0, 0x3F, 0x01, 0xF8, 0x0F, 0xC0, 0x7E, 0x03, 0xF0, 0x1F,
  0x80, 0xFC, 0x07, 0xE0, 0x3F, 0x01, 0xF8, 0x0F, 0xC0, 0x7F, 0xFF, 0xFF,
  0xFC, 0xFF, 0xFF, 0xFF, 0xF8, 0x0F, 0xC0, 0x7E, 0x03, 0xF0, 0x1F, 0x80,
  0xFC, 0x07, 0xE0, 0x3F, 0x01, 0xF8, 0x0F, 0xC0, 0x7E, 0x03, 0xF0, 0x1F,
  0x80, 0xFC, 0x07, 0xE0, 0x3F, 0x01, 0xF8, 0x0F, 0xC0, 0x7E, 0x03, 0xF0,
  0x1F, 0x80, 0xFC, 0x07, 0xE0, 0x3F, 0x01, 0xF8, 0x0F, 0xC0, 0x7E, 0x03,
  0xF0, 0x1F, 0x80, 0xFC, 0x07, 0xE0, 0x3F, 0x01, 0xF8, 0x0F, 0xC0, 0x7F,
  0xFF, 0xFF, 0xFC, 0xFF, 0xFF, 0xFF, 0xF8, 0x0F, 0xC0, 0x7E, 0x03, 0xF0,
  0x1F, 0x80, 0xFC, 0x07, 0xE0, 0x3F, 0x01, 0xF8, 0x0F, 0xC0, 0x7E, 0x03,
  0xF0, 0x1F, 0x80, 0xFC, 0x07, 0xE0, 0x3F, 0x01, 0xF8, 0x0F, 0xC0, 0x7E,
  0x03, 0xF0, 0x1F, 0x80, 0xFC, 0x07, 0xE0, 0x3F, 0x01, 0xF8, 0x0F, 0xC0,
  0x7E, 0x03, 0xF0, 0x1F, 0x80, 0xFC, 0x07, 0xE0, 0x3F, 0x01, 0xF8, 0x0F,
  0xC0, 0x7F, 0xFF, 0xFF, 0xFC, 0xFF, 0xFF, 0xFF, 0xF8, 0x0F, 0xC0, 0x7E,
  0x03, 0xF0, 0x1F, 0x80, 0xFC, 0x07, 0xE0, 0x3F, 0x01, 0xF8, 0x0F, 0xC0,
  0x7E, 0x03, 0xF0, 0x1F, 0x80, 0xFC, 0x07, 0xE0, 0x3F, 0x01, 0xF8, 0x0F,
  0xC0, 0x7E, 0x03, 0xF0, 0x1F, 0x80, 0xFC, 0x07, 0xE0, 0x3F, 0x01, 0xF8,
  0x0F, 0xC0, 0x7E, 0x03, 0xF0, 0x1F, 0x80, 0xFC, 0x07, 0xE0, 0x3F, 0x01,
  0xF8, 0x0F, 0xC0, 0x7F, 0xFF, 0xFF, 0xFC, 0xFF, 0xFF, 0xFF, 0xF8, 0x0F,
  0xC0, 0x7E, 0x03, 0xF0, 0x1F, 0x80, 0xFC, 0x07, 0xE0, 0x3F, 0x01, 0xF8,
  0x0F, 0xC0, 0x7E, 0x03, 0xF0, 0x1F, 0x80, 0xFC, 0x07, 0xE0, 0x3F, 0x01,
  0xF8, 0x0F, 0xC0, 0x7E, 0x03, 0xF0, 0x1F, 0x80, 0xFC, 0x07, 0xE0, 0x3F,
  0x01, 0xF8, 0x0F, 0xC0, 0x7E, 0x03, 0xF0, 0x1F, 0x80, 0xFC, 0x07, 0xE0,
  0x3F, 0x01, 0xF8, 0x0F, 0xC0, 0x7F, 0xFF, 0xFF, 0xFC, 0xFF, 0xFF, 0xFF,
  0xF8, 0x0F, 0xC0, 0x7E, 0x03, 0xF0, 0x1F, 0x80, 0xFC, 0x07, 0xE0, 0x3F,
  0x01, 0xF8, 0x0F, 0xC0, 0x7E, 0x03, 0xF0, 0x1F, 0x80, 0xFC, 0x07, 0xE0,
  0x3F, 0x01, 0xF8, 0x0F, 0xC0, 0x7E, 0x03, 0xF0, 0x1F, 0x80, 0xFC, 0x07,
  0xE0, 0x3F, 0x01, 0xF8, 0x0F, 0xC0, 0x7E, 0x03, 0xF0, 0x1F, 0x80, 0xFC,
  0x07, 0xE0, 0x3F, 0x01, 0xF8, 0x0F, 0xC0, 0x7F, 0xFF, 0xFF, 0xFC, 0xFF,
  0xFF, 0xFF, 0xF8, 0x0F, 0xC0, 0x7E, 0x03, 0xF0, 0x1F, 0x80, 0xFC, 0x07,
  0xE0, 0x3F, 0x01, 0xF8, 0x0F, 0xC0, 0x7E, 0x03, 0xF0, 0x1F, 0x80, 0xFC,
  0x07, 0xE0, 0x3F, 0x01, 0xF8, 0x0F, 0xC0, 0x7E, 0x03, 0xF0, 0x1F, 0x80,
  0xFC, 0x07, 0xE0, 0x3F, 0x01, 0xF8, 0x0F, 0xC0, 0x7E, 0x03, 0xF0, 0x1F,
  0x80, 0xFC, 0x07, 0xE0, 0x3F, 0x01, 0xF8, 0x0F, 0xC0, 0x7F, 0xFF, 0xFF,
  0xFC, 0xFF, 0xFF, 0xFF, 0xF8, 0x0F, 0xC0, 0x7E, 0x03, 0xF0, 0x1F, 0x80,
  0xFC, 0x07, 0xE0, 0x3F, 0x01, 0xF8, 0x0F, 0xC0, 0x7E, 0x03, 0xF0, 0x1F,
  0x80, 0xFC, 0x07, 0xE0, 0x3F, 0x01, 0xF8, 0x0F, 0xC0, 0x7E, 0x03, 0xF0,
  0x1F, 0x80, 0xFC, 0x07, 0xE0, 0x3F, 0x01, 0xF8, 0x0F, 0xC0, 0x7E, 0x03,
  0xF0, 0x1F, 0x80, 0xFC, 0x07, 0xE0, 0x3F, 0x01, 0xF8, 0x0F, 0xC0, 0x7F,
  0xFF, 0xFF, 0xFC, 0xFF, 0xFF, 0xFF, 0xF8, 0x0F, 0xC0, 0x7E, 0x03, 0xF0,
  0x1F, 0x80, 0xFC, 0x07, 0xE0, 0x3F, 0x01, 0xF8, 0x0F, 0xC0, 0x7E, 0x03,
  0xF0, 0x1F, 0x80, 0xFC, 0x07, 0xE0, 0x3F, 0x01, 0xF8, 0x0F, 0xC0, 0x7E,
  0x03, 0xF0, 0x1F, 0x80, 0xFC, 0x07, 0xE0, 0x3F, 0x01, 0xF8, 0x0F, 0xC0,
  0x7E, 0x03, 0xF0, 0x1F, 0x80, 0xFC, 0x07, 0xE0, 0x3F, 0x01, 0xF8, 0x0F,
  0xC0, 0x7F, 0xFF, 0xFF, 0xFC, 0xFF, 0xFF, 0xFF, 0xF8, 0x0F, 0xC0, 0x7E,
  0x03, 0xF0, 0x1F, 0x80, 0xFC, 0x07, 0xE0, 0x3F, 0x01, 0xF8, 0x0F, 0xC0,
  0x7E, 0x03, 0xF0, 0x1F, 0x80, 0xFC, 0x07, 0xE0, 0x3F, 0x01, 0xF8, 0x0F,
  0xC0, 0x7E, 0x03, 0xF0, 0x1F, 0x80, 0xFC, 0x07, 0xE0, 0x3F, 0x01, 0xF8,
  0x0F, 0xC0, 0x7E, 0x03, 0xF0, 0x1F, 0x80, 0xFC, 0x07, 0xE0, 0x3F, 0x01,
  0xF8, 0x0F, 0xC0, 0x7F, 0xFF, 0xFF, 0xFC, 0xFF, 0xFF, 0xFF, 0xF8, 0x0F,
  0xC0, 0x7E, 0x03, 0xF0, 0x1F, 0x80, 0xFC, 0x07, 0xE0, 0x3F, 0x01, 0xF8,
  0x0F, 0xC0, 0x7E, 0x03, 0xF0, 0x1F, 0x80, 0xFC, 0x07, 0xE0, 0x3F, 0x01,
  0xF8, 0x0F, 0xC0, 0x7E, 0x03, 0xF0, 0x1F, 0x80, 0xFC, 0x07, 0xE0, 0x3F,
  0x01, 0xF8, 0x0F, 0xC0, 0x7E, 0x03, 0xF0, 0x1F, 0x80, 0xFC, 0x07, 0xE0,
  0x3F, 0x01, 0xF8, 0x0F, 0xC0, 0x7F, 0xFF, 0xFF, 0xFC, 0xFF, 0xFF, 0xFF,
  0xF8, 0x0F, 0xC0, 0x7E, 0x03, 0xF0, 0x1F, 0x80, 0xFC, 0x07, 0xE0, 0x3F,
  0x01, 0xF8, 0x0F, 0xC0, 0x7E, 0x03, 0xF0, 0x1F, 0x80, 0xFC, 0x07, 0xE0,
  0x3F, 0x01, 0xF8, 0x0F, 0xC0, 0x7E, 0x03, 0xF0, 0x1F, 0x80, 0xFC, 0x07,
  0xE0, 0x3F, 0x01, 0xF8, 0x0F, 0xC0, 0x7E, 0x03, 0xF0, 0x1F, 0x80, 0xFC,
  0x07, 0xE0, 0x3F, 0x01, 0xF8, 0x0F, 0xC0, 0x7F, 0xFF, 0xFF, 0xFC, 0xFF,
  0xFF, 0xFF, 0xF8, 0x0F, 0xC0, 0x7E, 0x03, 0xF0, 0x1F, 0x80, 0xFC, 0x07,
  0xE0, 0x3F, 0x01, 0xF8, 0x0F, 0xC0, 0x7E, 0x03, 0xF0, 0x1F, 0x80, 0xFC,
  0x07, 0xE0, 0x3F, 0x01, 0xF8, 0x0F, 0xC0, 0x7E, 0x03, 0xF0, 0x1F, 0x80,
  0xFC, 0x07, 0xE0, 0x3F, 0x01, 0xF8, 0x0F, 0xC0, 0x7E, 0x03, 0xF0, 0x1F,
  0x80, 0xFC, 0x07, 0xE0, 0x3F, 0x01, 0xF8, 0x0F, 0xC0, 0x7F, 0xFF, 0xFF,
  0xFC, 0xFF, 0xFF, 0xFF, 0xF8, 0x0F, 0xC0, 0x7E, 0x03, 0xF0, 0x1F, 0x80,
  0xFC, 0x07, 0xE0, 0x3F, 0x01, 0xF8, 0x0F, 0xC0, 0x7E, 0x03, 0xF0, 0x1F,
  0x80, 0xFC, 0x07, 0xE0, 0x3F, 0x01, 0xF8, 0x0F, 0xC0, 0x7E, 0x03, 0xF0,
  0x1F, 0x80, 0xFC, 0x07, 0xE0, 0x3F, 0x01, 0xF8, 0x0F, 0xC0, 0x7E, 0x03,
  0xF0, 0x1F, 0x80, 0xFC, 0x07, 0xE0, 0x3F, 0x01, 0xF8, 0x0F, 0xC0, 0x7F,
  0xFF, 0xFF, 0xFC, 0xFF, 0xFF, 0xFF, 0xF8, 0x0F, 0xC0, 0x7E, 0x03, 0xF0,
  0x1F, 0x80, 0xFC, 0x07, 0xE0, 0x3F, 0x01, 0xF8, 0x0F, 0xC0, 0x7E, 0x03,
  0xF0, 0x1F, 0x80, 0xFC, 0x07, 0xE0, 0x3F, 0x01, 0xF8, 0x0F, 0xC0, 0x7E,
  0x03, 0xF0, 0x1F, 0x80, 0xFC, 0x07, 0xE0, 0x3F, 0x01, 0xF8, 0x0F, 0xC0,
  0x7E, 0x03, 0xF0, 0x1F, 0x80, 0xFC, 0x07, 0xE0, 0x3F, 0x01, 0xF8, 0x0F,
  0xC0, 0x7F, 0xFF, 0xFF, 0xFC, 0xFF, 0xFF, 0xFF, 0xF8, 0x0F, 0xC0, 0x7E,
  0x03, 0xF0, 0x1F, 0x80, 0xFC, 0x07, 0xE0, 0x3F, 0x01, 0xF8, 0x0F, 0xC0,
  0x7E, 0x03, 0xF0, 0x1F, 0x80, 0xFC, 0x07, 0xE0, 0x3F, 0x01, 0xF8, 0x0F,
  0xC0, 0x7E, 0x03, 0xF0, 0x1F, 0x80, 0xFC, 0x07, 0xE0, 0x3F, 0x01, 0xF8,
  0x0F, 0xC0, 0x7E, 0x03, 0xF0, 0x1F, 0x80, 0xFC, 0x07, 0xE0, 0x3F, 0x01,
  0xF8, 0x0F, 0xC0, 0x7F, 0xFF, 0xFF, 0xFC, 0xFF, 0xFF, 0xFF, 0xF8, 0x0F,
  0xC0, 0x7E, 0x03, 0xF0, 0x1F, 0x80, 0xFC, 0x07, 0xE0, 0x3F, 0x01, 0xF8,
  0x0F, 0xC0, 0x7E, 0x03, 0xF0, 0x1F, 0x80, 0xFC, 0x07, 0xE0, 0x3F, 0x01,
  0xF8, 0x0F, 0xC0, 0x7E, 0x03, 0xF0, 0x1F, 0x80, 0xFC, 0x07, 0xE0, 0x3F,
  0x01, 0xF8, 0x0F, 0xC0, 0x7E, 0x03, 0xF0, 0x1F, 0x80, 0xFC, 0x07, 0xE0,
  0x3F, 0x01, 0xF8, 0x0F, 0xC0, 0x7F, 0xFF, 0xFF, 0xFC, 0xFF, 0xFF, 0xFF,
  0xF8, 0x0F, 0xC0, 0x7E, 0x03, 0xF0, 0x1F, 0x80, 0xFC, 0x07, 0xE0, 0x3F,
  0x01, 0xF8, 0x0F, 0xC0, 0x7E, 0x03, 0xF0, 0x1F, 0x80, 0xFC, 0x07, 0xE0,
  0x3F, 0x01, 0xF8, 0x0F, 0xC0, 0x7E, 0x03, 0xF0, 0x1F, 0x80, 0xFC, 0x07,
  0xE0, 0x3F, 0x01, 0xF8, 0x0F, 0xC0, 0x7E, 0x03, 0xF0, 0x1F, 0x80, 0xFC,
  0x07, 0xE0, 0x3F, 0x01, 0xF8, 0x0F, 0xC0, 0x7F, 0xFF, 0xFF, 0xFC };

const GFXglyph MusicTitleThaiGlyphs[] PROGMEM = {
  {     0,  13,  38,  18,    2,  -37 },   // 0xE00
  {    62,  15,  19,  21,    3,  -18 },   // 0xE01
  {    98,  15,  19,  21,    3,  -18 },   // 0xE02
  {   134,  15,  19,  21,    2,  -18 },   // 0xE03
  {   170,  16,  19,  21,    2,  -18 },   // 0xE04
  {   208,  15,  19,  21,    3,  -18 },   // 0xE05
  {   244,  17,  19,  21,    2,  -18 },   // 0xE06
  {   285,  14,  19,  21,    3,  -18 },   // 0xE07
  {   319,  15,  19,  21,    3,  -18 },   // 0xE08
  {   355,  17,  19,  21,    2,  -18 },   // 0xE09
  {   396,  19,  21,  21,    1,  -20 },   // 0xE0A
  {   446,  19,  21,  21,    1,  -20 },   // 0xE0B
  {   496,  19,  19,  21,    1,  -18 },   // 0xE0C
  {   542,  19,  27,  21,    1,  -18 },   // 0xE0D
  {   607,  17,  27,  21,    2,  -18 },   // 0xE0E
  {   665,  18,  27,  21,    1,  -18 },   // 0xE0F
  {   726,  15,  28,  21,    3,  -18 },   // 0xE10
  {   779,  19,  19,  21,    1,  -18 },   // 0xE11
  {   825,  19,  19,  21,    1,  -18 },   // 0xE12
  {   871,  20,  19,  21,    0,  -18 },   // 0xE13
  {   919,  15,  19,  21,    3,  -18 },   // 0xE14
  {   955,  15,  19,  21,    3,  -18 },   // 0xE15
  {   991,  15,  19,  21,    3,  -18 },   // 0xE16
  {  1027,  17,  19,  21,    1,  -18 },   // 0xE17
  {  1068,  15,  19,  21,    3,  -18 },   // 0xE18
  {  1104,  17,  19,  21,    2,  -18 },   // 0xE19
  {  1145,  17,  19,  21,    2,  -18 },   // 0xE1A
  {  1186,  17,  25,  21,    2,  -24 },   // 0xE1B
  {  1240,  14,  19,  21,    3,  -18 },   // 0xE1C
  {  1274,  14,  25,  21,    3,  -24 },   // 0xE1D
  {  1318,  19,  19,  21,    1,  -18 },   // 0xE1E
  {  1364,  19,  25,  21,    1,  -24 },   // 0xE1F
  {  1424,  17,  19,  21,    2,  -18 },   // 0xE20
  {  1465,  16,  19,  21,    2,  -18 },   // 0xE21
  {  1503,  14,  19,  21,    3,  -18 },   // 0xE22
  {  1537,  16,  19,  21,    2,  -18 },   // 0xE23
  {  1575,  15,  26,  21,    3,  -18 },   // 0xE24
  {  1624,  14,  19,  21,    3,  -18 },   // 0xE25
  {  1658,  17,  26,  21,    1,  -18 },   // 0xE26
  {  1714,  15,  19,  21,    3,  -18 },   // 0xE27
  {  1750,  17,  21,  21,    2,  -20 },   // 0xE28
  {  1795,  20,  19,  21,    0,  -18 },   // 0xE29
  {  1843,  16,  21,  21,    3,  -20 },   // 0xE2A
  {  1885,  17,  19,  21,    2,  -18 },   // 0xE2B
  {  1926,  22,  21,  21,    0,  -20 },   // 0xE2C
  {  1984,  15,  19,  21,    3,  -18 },   // 0xE2D
  {  2020,  16,  20,  21,    3,  -19 },   // 0xE2E
  {  2060,  13,  19,  21,    4,  -18 },   // 0xE2F
  {  2091,  13,  17,  21,    4,  -17 },   // 0xE30
  {  2119,  13,   6,   0,   -9,  -28 },   // 0xE31
  {  2129,  15,  19,  21,    3,  -18 },   // 0xE32
  {  2165,  25,  30,  21,   -6,  -29 },   // 0xE33
  {  2259,  15,   6,   0,  -17,  -27 },   // 0xE34
  {  2271,  15,   7,   0,  -16,  -28 },   // 0xE35
  {  2285,  15,   8,   0,  -17,  -29 },   // 0xE36
  {  2300,  15,   7,   0,  -17,  -28 },   // 0xE37
  {  2314,   6,   9,   0,   -8,    3 },   // 0xE38
  {  2321,  11,   9,   0,  -14,    3 },   // 0xE39
  {  2334,   3,   4,   0,   -5,    4 },   // 0xE3A
  {  2336,  13,  38,  18,    2,  -37 },   // 0xE3B
  {  2398,  13,  38,  18,    2,  -37 },   // 0xE3C
  {  2460,  13,  38,  18,    2,  -37 },   // 0xE3D
  {  2522,  13,  38,  18,    2,  -37 },   // 0xE3E
  {  2584,  18,  29,  21,    2,  -24 },   // 0xE3F
  {  2650,   6,  19,  21,    8,  -18 },   // 0xE40
  {  2665,  15,  19,  21,    4,  -18 },   // 0xE41
  {  2701,  16,  31,  21,    2,  -30 },   // 0xE42
  {  2763,  15,  31,  21,    3,  -30 },   // 0xE43
  {  2822,  16,  32,  21,    2,  -31 },   // 0xE44
  {  2886,  15,  25,  21,    3,  -18 },   // 0xE45
  {  2933,  14,  26,  21,    3,  -18 },   // 0xE46
  {  2979,  13,  12,   0,  -15,  -33 },   // 0xE47
  {  2999,   3,   6,   0,   -5,  -36 },   // 0xE48
  {  3002,   9,   7,   0,   -8,  -37 },   // 0xE49
  {  3010,  11,   6,   0,  -10,  -36 },   // 0xE4A
  {  3019,   9,   6,   0,   -8,  -36 },   // 0xE4B
  {  3026,  12,   8,   0,   -7,  -35 },   // 0xE4C
  {  3038,   7,   7,   0,   -7,  -29 },   // 0xE4D
  {  3045,  11,  11,   0,  -12,  -33 },   // 0xE4E
  {  3061,  18,  19,  21,    1,  -18 },   // 0xE4F
  {  3104,  15,  14,  21,    3,  -13 },   // 0xE50
  {  3131,  16,  17,  21,    2,  -13 },   // 0xE51
  {  3165,  18,  20,  21,    1,  -19 },   // 0xE52
  {  3210,  17,  14,  21,    2,  -13 },   // 0xE53
  {  3240,  17,  20,  21,    2,  -19 },   // 0xE54
  {  3283,  17,  20,  21,    2,  -19 },   // 0xE55
  {  3326,  18,  20,  21,    1,  -19 },   // 0xE56
  {  3371,  18,  20,  21,    1,  -19 },   // 0xE57
  {  3416,  16,  20,  21,    2,  -19 },   // 0xE58
  {  3456,  18,  20,  21,    2,  -19 },   // 0xE59
  {  3501,  20,  20,  27,    3,  -19 },   // 0xE5A
  {  3551,  37,  18,  43,    3,  -18 },   // 0xE5B
  {  3635,  13,  38,  18,    2,  -37 },   // 0xE5C
  {  3697,  13,  38,  18,    2,  -37 },   // 0xE5D
  {  3759,  13,  38,  18,    2,  -37 },   // 0xE5E
  {  3821,  13,  38,  18,    2,  -37 },   // 0xE5F
  {  3883,  13,  38,  18,    2,  -37 },   // 0xE60
  {  3945,  13,  38,  18,    2,  -37 },   // 0xE61
  {  4007,  13,  38,  18,    2,  -37 },   // 0xE62
  {  4069,  13,  38,  18,    2,  -37 },   // 0xE63
  {  4131,  13,  38,  18,    2,  -37 },   // 0xE64
  {  4193,  13,  38,  18,    2,  -37 },   // 0xE65
  {  4255,  13,  38,  18,    2,  -37 },   // 0xE66
  {  4317,  13,  38,  18,    2,  -37 },   // 0xE67
  {  4379,  13,  38,  18,    2,  -37 },   // 0xE68
  {  4441,  13,  38,  18,    2,  -37 },   // 0xE69
  {  4503,  13,  38,  18,    2,  -37 },   // 0xE6A
  {  4565,  13,  38,  18,    2,  -37 },   // 0xE6B
  {  4627,  13,  38,  18,    2,  -37 },   // 0xE6C
  {  4689,  13,  38,  18,    2,  -37 },   // 0xE6D
  {  4751,  13,  38,  18,    2,  -37 },   // 0xE6E
  {  4813,  13,  38,  18,    2,  -37 },   // 0xE6F
  {  4875,  13,  38,  18,    2,  -37 },   // 0xE70
  {  4937,  13,  38,  18,    2,  -37 },   // 0xE71
  {  4999,  13,  38,  18,    2,  -37 },   // 0xE72
  {  5061,  13,  38,  18,    2,  -37 },   // 0xE73
  {  5123,  13,  38,  18,    2,  -37 },   // 0xE74
  {  5185,  13,  38,  18,    2,  -37 },   // 0xE75
  {  5247,  13,  38,  18,    2,  -37 },   // 0xE76
  {  5309,  13,  38,  18,    2,  -37 },   // 0xE77
  {  5371,  13,  38,  18,    2,  -37 },   // 0xE78
  {  5433,  13,  38,  18,    2,  -37 },   // 0xE79
  {  5495,  13,  38,  18,    2,  -37 },   // 0xE7A
  {  5557,  13,  38,  18,    2,  -37 },   // 0xE7B
  {  5619,  13,  38,  18,    2,  -37 },   // 0xE7C
  {  5681,  13,  38,  18,    2,  -37 },   // 0xE7D
  {  5743,  13,  38,  18,    2,  -37 },   // 0xE7E
  {  5805,  13,  38,  18,    2,  -37 } }; // 0xE7F

const GFXfont MusicTitleThai PROGMEM = {
  (uint8_t  *)MusicTitleThaiBitmaps,
  (GFXglyph *)MusicTitleThaiGlyphs,
  0xE00, 0xE7F, 49 };

const uint8_t MusicArtistLatinBitmaps[] PROGMEM = {
  0x00, 0xF7, 0x77, 0x77, 0x76, 0x66, 0x66, 0x66, 0x60, 0x00, 0x6F, 0xF7,
  0xE3, 0xF1, 0xF8, 0xFC, 0x6E, 0x36, 0x1B, 0x0D, 0x86, 0x03, 0x0C, 0x0C,
  0x60, 0x61, 0x81, 0x86, 0x06, 0x18, 0x18, 0xCF, 0xFF, 0xFF, 0xFF, 0x0C,
  0x30, 0x31, 0x81, 0x86, 0x06, 0x18, 0x18, 0xC3, 0xFF, 0xFF, 0xFF, 0xCC,
  0x30, 0x31, 0x81, 0x86, 0x06, 0x18, 0x18, 0x60, 0x63, 0x00, 0x06, 0x00,
  0x60, 0x0F, 0xC3, 0xFE, 0x7E, 0xEE, 0x60, 0xE6, 0x0E, 0x60, 0xE6, 0x07,
  0x60, 0x7E, 0x03, 0xE0, 0x0F, 0x80, 0x7C, 0x07, 0xE0, 0x6F, 0x06, 0x70,
  0x67, 0x06, 0x78, 0x67, 0xE7, 0xEF, 0xFC, 0x3F, 0x00, 0x60, 0x06, 0x00,
  0x1C, 0x03, 0x7E, 0x06, 0x66, 0x06, 0xC3, 0x0C, 0xC3, 0x1C, 0xC3, 0x18,
  0xC3, 0x30, 0xC3, 0x70, 0x66, 0x60, 0x7E, 0xC0, 0x19, 0xC0, 0x01, 0xBC,
  0x03, 0x66, 0x03, 0xC3, 0x06, 0xC3, 0x0C, 0xC3, 0x0C, 0xC3, 0x18, 0xC3,
  0x30, 0xE6, 0x30, 0x7E, 0x60, 0x3C, 0xE0, 0x00, 0x0F, 0x80, 0x1D, 0xC0,
  0x30, 0xE0, 0x30, 0x60, 0x70, 0xE0, 0x70, 0xE0, 0x39, 0xC0, 0x3B, 0x80,
  0x1F, 0x00, 0x1E, 0x00, 0x1F, 0x00, 0x37, 0x0E, 0x67, 0x8C, 0x63, 0xCC,
  0xC1, 0xEC, 0xC0, 0xFC, 0xC0, 0x7C, 0xC0, 0x78, 0xE0, 0x3C, 0x70, 0xFE,
  0x3F, 0xEF, 0x1F, 0x80, 0xF7, 0xBD, 0xE7, 0x39, 0xCC, 0x60, 0x00, 0x70,
  0x1F, 0x07, 0xC0, 0xF0, 0x1E, 0x01, 0xC0, 0x38, 0x07, 0x00, 0x70, 0x07,
  0x00, 0xE0, 0x0E, 0x00, 0xE0, 0x0E, 0x00, 0xE0, 0x0E, 0x00, 0xE0, 0x07,
  0x00, 0x70, 0x07, 0x00, 0x38, 0x01, 0xC0, 0x1E, 0x00, 0xF0, 0x07, 0xC0,
  0x1F, 0x00, 0x70, 0xE0, 0x0F, 0x80, 0x3E, 0x00, 0xF0, 0x07, 0x80, 0x38,
  0x01, 0xC0, 0x0E, 0x00, 0xE0, 0x0E, 0x00, 0x70, 0x07, 0x00, 0x70, 0x07,
  0x00, 0x70, 0x07, 0x00, 0x70, 0x0E, 0x00, 0xE0, 0x0E, 0x01, 0xC0, 0x38,
  0x07, 0x80, 0xF0, 0x3E, 0x0F, 0x80, 0xE0, 0x00, 0x06, 0x00, 0x60, 0x46,
  0x2F, 0x67, 0x7F, 0xE1, 0xF8, 0x1F, 0x87, 0xFE, 0x76, 0x74, 0x62, 0x06,
  0x00, 0x60, 0x03, 0x00, 0x0C, 0x00, 0x30, 0x00, 0xC0, 0x03, 0x00, 0x0C,
  0x00, 0x30, 0x3F, 0xFF, 0xFF, 0xFC, 0x0C, 0x00, 0x30, 0x00, 0xC0, 0x03,
  0x00, 0x0C, 0x00, 0x30, 0x00, 0x77, 0xFF, 0xF3, 0x9C, 0xCE, 0xE6, 0x00,
  0xFF, 0xFF, 0xF0, 0x7F, 0xFF, 0x60, 0x00, 0x07, 0x00, 0x06, 0x00, 0x0E,
  0x00, 0x0C, 0x00, 0x18, 0x00, 0x38, 0x00, 0x30, 0x00, 0x70, 0x00, 0x60,
  0x00, 0xC0, 0x01, 0xC0, 0x01, 0x80, 0x03, 0x80, 0x03, 0x00, 0x06, 0x00,
  0x0E, 0x00, 0x0C, 0x00, 0x1C, 0x00, 0x18, 0x00, 0x30, 0x00, 0x70, 0x00,
  0x60, 0x00, 0x0F, 0xC0, 0x7F, 0x83, 0x87, 0x1C, 0x0C, 0x70, 0x39, 0xC1,
  0xEE, 0x07, 0xF8, 0x37, 0xE1, 0xDF, 0x86, 0x7E, 0x39, 0xF8, 0xC7, 0xE6,
  0x1F, 0xB8, 0x7E, 0xC1, 0xFE, 0x07, 0x78, 0x39, 0xC0, 0xE7, 0x03, 0x0E,
  0x1C, 0x1F, 0xE0, 0x3E, 0x00, 0x0F, 0x00, 0xF8, 0x1F, 0xC1, 0xEE, 0x0C,
  0x70, 0x03, 0x80, 0x1C, 0x00, 0xE0, 0x07, 0x00, 0x38, 0x01, 0xC0, 0x0E,
  0x00, 0x70, 0x03, 0x80, 0x1C, 0x00, 0xE0, 0x07, 0x00, 0x38, 0x01, 0xC1,
  0xFF, 0xFF, 0xFF, 0x80, 0x1F, 0x87, 0xFF, 0x38, 0x3D, 0x00, 0xE0, 0x03,
  0x00, 0x38, 0x01, 0xC0, 0x1C, 0x00, 0xE0, 0x0E, 0x00, 0xE0, 0x0E, 0x00,
  0xE0, 0x0E, 0x00, 0xE0, 0x0E, 0x00, 0x60, 0x07, 0x00, 0x38, 0x01, 0xFF,
  0xFF, 0xFF, 0x80, 0x3F, 0x87, 0xFE, 0x30, 0x78, 0x01, 0xE0, 0x07, 0x00,
  0x38, 0x01, 0xC0, 0x1C, 0x01, 0xE1, 0xFC, 0x0F, 0xF0, 0x03, 0xE0, 0x07,
  0x00, 0x3C, 0x00, 0xE0, 0x07, 0x00, 0x38, 0x01, 0xC0, 0x1D, 0x81, 0xCF,
  0xFC, 0x3F, 0x80, 0x00, 0x70, 0x00, 0xF0, 0x01, 0xF0, 0x01, 0xF0, 0x03,
  0xF0, 0x07, 0x70, 0x06, 0x70, 0x0E, 0x70, 0x1C, 0x70, 0x38, 0x70, 0x38,
  0x70, 0x70, 0x70, 0xE0, 0x70, 0xFF, 0xFF, 0xFF, 0xFF, 0x00, 0x70, 0x00,
  0x70, 0x00, 0x70, 0x00, 0x70, 0x00, 0x70, 0x00, 0x70, 0x3F, 0xF9, 0xFF,
  0xCC, 0x00, 0x60, 0x03, 0x00, 0x18, 0x00, 0xC0, 0x07, 0xE0, 0x3F, 0xC1,
  0xFF, 0x00, 0x7C, 0x00, 0xF0, 0x07, 0x80, 0x1C, 0x00, 0xE0, 0x07, 0x00,
  0x30, 0x03, 0xB0, 0x79, 0xFF, 0x87, 0xF0, 0x00, 0x03, 0xF0, 0x3F, 0xE1,
  0xC1, 0x8E, 0x00, 0x70, 0x01, 0xC0, 0x07, 0x00, 0x38, 0x00, 0xE3, 0xE3,
  0x9F, 0xCE, 0xC3, 0xBE, 0x06, 0xF0, 0x0F, 0xC0, 0x3F, 0x00, 0xFC, 0x03,
  0x70, 0x0D, 0xC0, 0x67, 0x81, 0x8F, 0x0C, 0x1F, 0xE0, 0x3F, 0x00, 0xFF,
  0xFF, 0xFF, 0xFF, 0xFE, 0x00, 0x30, 0x03, 0x00, 0x18, 0x01, 0x80, 0x18,
  0x01, 0xC0, 0x0C, 0x00, 0xC0, 0x0E, 0x00, 0xE0, 0x06, 0x00, 0x70, 0x03,
  0x00, 0x38, 0x01, 0xC0, 0x0E, 0x00, 0x70, 0x03, 0x80, 0x00, 0x0F, 0x80,
  0xFF, 0x0C, 0x3C, 0xC0, 0xE6, 0x07, 0x30, 0x39, 0xC1, 0xC7, 0x1C, 0x3D,
  0xC0, 0xFC, 0x03, 0xE0, 0x3F, 0x83, 0x9E, 0x38, 0x7B, 0xC1, 0xFC, 0x07,
  0xE0, 0x3F, 0x01, 0xFC, 0x1E, 0xF1, 0xE3, 0xFE, 0x0F, 0xE0, 0x0F, 0x80,
  0xFF, 0x83, 0x87, 0x1C, 0x0C, 0xE0, 0x1B, 0x80, 0x6E, 0x01, 0xF8, 0x07,
  0xE0, 0x1F, 0xC0, 0xF7, 0x85, 0xCF, 0xE7, 0x1F, 0x1C, 0x00, 0x70, 0x01,
  0xC0, 0x0E, 0x00, 0x38, 0x01, 0xE0, 0x07, 0x08, 0x38, 0x3F, 0xC0, 0xFE,
  0x00, 0x6F, 0xFF, 0x00, 0x00, 0x00, 0x00, 0xFF, 0xF6, 0x77, 0xBD, 0xE0,
  0x00, 0x00, 0x00, 0x00, 0xCF, 0x7F, 0xEF, 0x39, 0x9D, 0xCC, 0x00, 0x00,
  0x04, 0x00, 0x30, 0x03, 0xC0, 0x3C, 0x03, 0xC0, 0x3C, 0x03, 0xC0, 0x3E,
  0x00, 0x3E, 0x00, 0x3C, 0x00, 0x3C, 0x00, 0x3C, 0x00, 0x3C, 0x00, 0x30,
  0x00, 0x40, 0xFF, 0xFF, 0xFF, 0xF0, 0x00, 0x00, 0x00, 0x00, 0x03, 0xFF,
  0xFF, 0xFF, 0xC0, 0x80, 0x03, 0x80, 0x0F, 0x80, 0x0F, 0x80, 0x0F, 0x80,
  0x0F, 0x80, 0x0F, 0x80, 0x0F, 0x00, 0xF8, 0x0F, 0x80, 0xF8, 0x0F, 0x80,
  0xF8, 0x03, 0x80, 0x08, 0x00, 0x00, 0x3F, 0x1F, 0xFB, 0x07, 0x80, 0x70,
  0x0E, 0x01, 0xC0, 0x70, 0x0E, 0x03, 0x80, 0xE0, 0x38, 0x0E, 0x01, 0x80,
  0x70, 0x0E, 0x00, 0x00, 0x00, 0x00, 0x00, 0x60, 0x1E, 0x03, 0xC0, 0x70,
  0x00, 0x03, 0xF0, 0x07, 0xFC, 0x07, 0x07, 0x07, 0x00, 0xC7, 0x00, 0x73,
  0x00, 0x19, 0x8F, 0xCF, 0xDF, 0xE3, 0xCC, 0x31, 0xEE, 0x18, 0xF6, 0x0C,
  0x7B, 0x06, 0x3D, 0x87, 0x1E, 0xC7, 0x9B, 0x3E, 0xFD, 0xCE, 0x3C, 0x60,
  0x00, 0x30, 0x00, 0x1C, 0x00, 0x07, 0x01, 0x01, 0xC1, 0x80, 0x7F, 0xC0,
  0x0F, 0x80, 0x01, 0xC0, 0x03, 0xC0, 0x03, 0xC0, 0x03, 0xE0, 0x07, 0xE0,
  0x07, 0xE0, 0x06, 0x70, 0x06, 0x70, 0x0E, 0x70, 0x0E, 0x30, 0x0C, 0x38,
  0x1C, 0x38, 0x1C, 0x18, 0x18, 0x1C, 0x3F, 0xFC, 0x3F, 0xFC, 0x30, 0x0E,
  0x70, 0x0E, 0x70, 0x0E, 0x60, 0x07, 0x60, 0x07, 0xFF, 0x87, 0xFF, 0x38,
  0x39, 0xC0, 0xEE, 0x07, 0x70, 0x3B, 0x81, 0xDC, 0x0C, 0xE0, 0xE7, 0x0E,
  0x3F, 0xE1, 0xFF, 0x8E, 0x0F, 0x70, 0x3B, 0x80, 0xFC, 0x07, 0xE0, 0x3F,
  0x03, 0xF8, 0x3D, 0xFF, 0xCF, 0xF8, 0x00, 0x03, 0xF0, 0x7F, 0xC7, 0x82,
  0x78, 0x03, 0x80, 0x38, 0x01, 0xC0, 0x1C, 0x00, 0xE0, 0x07, 0x00, 0x38,
  0x01, 0xC0, 0x0E, 0x00, 0x70, 0x03, 0x80, 0x0E, 0x00, 0x70, 0x01, 0xC0,
  0x0F, 0x00, 0x3C, 0x10, 0xFF, 0x81, 0xF8, 0xFF, 0x07, 0xFE, 0x38, 0x79,
  0xC1, 0xEE, 0x07, 0x70, 0x3B, 0x80, 0xFC, 0x07, 0xE0, 0x3F, 0x01, 0xF8,
  0x0F, 0xC0, 0x7E, 0x03, 0xF0, 0x1F, 0x80, 0xFC, 0x0E, 0xE0, 0x77, 0x07,
  0x38, 0x79, 0xFF, 0x8F, 0xF0, 0x00, 0xFF, 0xEF, 0xFE, 0xE0, 0x0E, 0x00,
  0xE0, 0x0E, 0x00, 0xE0, 0x0E, 0x00, 0xE0, 0x0F, 0xFC, 0xFF, 0xCE, 0x00,
  0xE0, 0x0E, 0x00, 0xE0, 0x0E, 0x00, 0xE0, 0x0E, 0x00, 0xE0, 0x0F, 0xFF,
  0xFF, 0xF0, 0xFF, 0xFF, 0xFF, 0xE0, 0x0E, 0x00, 0xE0, 0x0E, 0x00, 0xE0,
  0x0E, 0x00, 0xE0, 0x0F, 0xFE, 0xFF, 0xEE, 0x00, 0xE0, 0x0E, 0x00, 0xE0,
  0x0E, 0x00, 0xE0, 0x0E, 0x00, 0xE0, 0x0E, 0x00, 0xE0, 0x00, 0x03, 0xF8,
  0x3F, 0xF1, 0xE0, 0xCF, 0x00, 0x38, 0x01, 0xC0, 0x07, 0x00, 0x38, 0x00,
  0xE0, 0x03, 0x80, 0x0E, 0x00, 0x38, 0x1F, 0xE0, 0x7F, 0x80, 0x7E, 0x01,
  0xDC, 0x07, 0x70, 0x1C, 0xE0, 0x73, 0xC1, 0xC7, 0x87, 0x0F, 0xFC, 0x0F,
  0xE0, 0xE0, 0x7E, 0x07, 0xE0, 0x7E, 0x07, 0xE0, 0x7E, 0x07, 0xE0, 0x7E,
  0x07, 0xE0, 0x7F, 0xFF, 0xFF, 0xFE, 0x07, 0xE0, 0x7E, 0x07, 0xE0, 0x7E,
  0x07, 0xE0, 0x7E, 0x07, 0xE0, 0x7E, 0x07, 0xE0, 0x70, 0xFF, 0xFF, 0xFF,
  0xC1, 0xC0, 0x0E, 0x00, 0x70, 0x03, 0x80, 0x1C, 0x00, 0xE0, 0x07, 0x00,
  0x38, 0x01, 0xC0, 0x0E, 0x00, 0x70, 0x03, 0x80, 0x1C, 0x00, 0xE0, 0x07,
  0x00, 0x38, 0x01, 0xC1, 0xFF, 0xFF, 0xFF, 0x80, 0x0F, 0xF0, 0xFF, 0x00,
  0x70, 0x07, 0x00, 0x70, 0x07, 0x00, 0x70, 0x07, 0x00, 0x70, 0x07, 0x00,
  0x70, 0x07, 0x00, 0x70, 0x07, 0x00, 0x70, 0x07, 0x00, 0x70, 0x07, 0x00,
  0xEE, 0x1E, 0xFF, 0xC3, 0xF0, 0xE0, 0x39, 0xC0, 0x63, 0x81, 0xC7, 0x07,
  0x0E, 0x1C, 0x1C, 0x30, 0x38, 0xE0, 0x73, 0x80, 0xEE, 0x01, 0xD8, 0x03,
  0xF8, 0x07, 0x70, 0x0E, 0x70, 0x1C, 0xF0, 0x38, 0xF0, 0x70, 0xE0, 0xE0,
  0xE1, 0xC0, 0xE3, 0x81, 0xE7, 0x01, 0xCE, 0x01, 0xC0, 0xE0, 0x0E, 0x00,
  0xE0, 0x0E, 0x00, 0xE0, 0x0E, 0x00, 0xE0, 0x0E, 0x00, 0xE0, 0x0E, 0x00,
  0xE0, 0x0E, 0x00, 0xE0, 0x0E, 0x00, 0xE0, 0x0E, 0x00, 0xE0, 0x0E, 0x00,
  0xE0, 0x0F, 0xFF, 0xFF, 0xF0, 0xE0, 0x1F, 0x80, 0x7E, 0x03, 0xFC, 0x0F,
  0xF0, 0x3F, 0xC1, 0xFF, 0x07, 0xFE, 0x17, 0xD8, 0xDF, 0x63, 0x7D, 0xCD,
  0xF3, 0x67, 0xCD, 0x9F, 0x3E, 0x7C, 0x71, 0xF1, 0xC7, 0xC7, 0x1F, 0x00,
  0x7C, 0x01, 0xF0, 0x07, 0xC0, 0x1C, 0xE0, 0x7F, 0x07, 0xF0, 0x7F, 0x07,
  0xF8, 0x7F, 0x87, 0xFC, 0x7E, 0xC7, 0xEC, 0x7E, 0x67, 0xE6, 0x7E, 0x67,
  0xE3, 0x7E, 0x37, 0xE1, 0xFE, 0x1F, 0xE1, 0xFE, 0x0F, 0xE0, 0xFE, 0x0F,
  0xE0, 0x70, 0x0F, 0xC0, 0x7F, 0x83, 0x8F, 0x1E, 0x1C, 0x70, 0x39, 0xC0,
  0xEE, 0x01, 0xF8, 0x07, 0xE0, 0x1F, 0x80, 0x7E, 0x01, 0xF8, 0x07, 0xE0,
  0x1F, 0x80, 0x7E, 0x01, 0xF8, 0x07, 0x70, 0x39, 0xC0, 0xE7, 0x87, 0x0F,
  0x3C, 0x1F, 0xE0, 0x3E, 0x00, 0xFF, 0x87, 0xFF, 0x38, 0x3D, 0xC0, 0xFE,
  0x03, 0xF0, 0x1F, 0x80, 0xFC, 0x07, 0xE0, 0x77, 0x03, 0xB8, 0x79, 0xFF,
  0x8F, 0xF0, 0x70, 0x03, 0x80, 0x1C, 0x00, 0xE0, 0x07, 0x00, 0x38, 0x01,
  0xC0, 0x0E, 0x00, 0x00, 0x0F, 0xC0, 0x3F, 0xC0, 0xE3, 0xC3, 0xC3, 0xC7,
  0x03, 0x8E, 0x07, 0x38, 0x07, 0x70, 0x0E, 0xE0, 0x1D, 0xC0, 0x3B, 0x80,
  0x77, 0x00, 0xEE, 0x01, 0xDC, 0x03, 0xB8, 0x07, 0x30, 0x0E, 0x70, 0x38,
  0xE0, 0x70, 0xE1, 0xC1, 0xE7, 0x81, 0xFE, 0x00, 0xF0, 0x00, 0x60, 0x00,
  0x60, 0x00, 0xF0, 0x00, 0xFC, 0x00, 0x78, 0xFF, 0x83, 0xFF, 0x8E, 0x1E,
  0x38, 0x1C, 0xE0, 0x73, 0x81, 0xCE, 0x07, 0x38, 0x38, 0xE0, 0xE3, 0x87,
  0x0F, 0xF8, 0x3F, 0xC0, 0xE3, 0x83, 0x8E, 0x0E, 0x1C, 0x38, 0x38, 0xE0,
  0xE3, 0x81, 0xCE, 0x07, 0x38, 0x0E, 0xE0, 0x3C, 0x0F, 0xE1, 0xFF, 0x1E,
  0x08, 0xE0, 0x0E, 0x00, 0x70, 0x03, 0x80, 0x0E, 0x00, 0x7C, 0x01, 0xF0,
  0x07, 0xE0, 0x0F, 0x80, 0x1F, 0x00, 0x78, 0x01, 0xE0, 0x07, 0x00, 0x38,
  0x01, 0xC0, 0x1D, 0xC1, 0xEF, 0xFE, 0x1F, 0xC0, 0xFF, 0xFF, 0xFF, 0xFC,
  0x0E, 0x00, 0x1C, 0x00, 0x38, 0x00, 0x70, 0x00, 0xE0, 0x01, 0xC0, 0x03,
  0x80, 0x07, 0x00, 0x0E, 0x00, 0x1C, 0x00, 0x38, 0x00, 0x70, 0x00, 0xE0,
  0x01, 0xC0, 0x03, 0x80, 0x07, 0x00, 0x0E, 0x00, 0x1C, 0x00, 0x38, 0x00,
  0xE0, 0x7E, 0x07, 0xE0, 0x7E, 0x07, 0xE0, 0x7E, 0x07, 0xE0, 0x7E, 0x07,
  0xE0, 0x7E, 0x07, 0xE0, 0x7E, 0x07, 0xE0, 0x7E, 0x07, 0xE0, 0x7E, 0x07,
  0xE0, 0x7E, 0x07, 0xF0, 0xE7, 0x1E, 0x3F, 0xC1, 0xF0, 0x60, 0x07, 0x70,
  0x07, 0x70, 0x06, 0x30, 0x0E, 0x38, 0x0E, 0x38, 0x0C, 0x38, 0x1C, 0x1C,
  0x1C, 0x1C, 0x18, 0x1C, 0x38, 0x0E, 0x38, 0x0E, 0x38, 0x0E, 0x30, 0x06,
  0x70, 0x07, 0x70, 0x07, 0x60, 0x07, 0xE0, 0x03, 0xE0, 0x03, 0xC0, 0x03,
  0xC0, 0x01, 0xC0, 0xE1, 0xC3, 0x61, 0xC3, 0x61, 0xC3, 0x63, 0xC3, 0x63,
  0xC7, 0x63, 0xC6, 0x73, 0xE6, 0x73, 0xE6, 0x76, 0x66, 0x76, 0x66, 0x36,
  0x66, 0x36, 0x76, 0x36, 0x7E, 0x36, 0x3C, 0x34, 0x3C, 0x3C, 0x3C, 0x3C,
  0x3C, 0x3C, 0x3C, 0x3C, 0x1C, 0x1C, 0x1C, 0x18, 0x1C, 0xF0, 0x1C, 0xE0,
  0x70, 0xE0, 0xE1, 0xC3, 0x81, 0xC7, 0x03, 0x9C, 0x03, 0xB8, 0x07, 0xE0,
  0x07, 0x80, 0x0F, 0x00, 0x1E, 0x00, 0x3E, 0x00, 0xFC, 0x01, 0xDC, 0x07,
  0x38, 0x0E, 0x38, 0x38, 0x70, 0x60, 0x71, 0xC0, 0xE7, 0x00, 0xEE, 0x01,
  0xE0, 0xE0, 0x0E, 0xE0, 0x19, 0xC0, 0x71, 0xC1, 0xC3, 0x83, 0x83, 0x8E,
  0x07, 0x9C, 0x07, 0x70, 0x0F, 0xE0, 0x0F, 0x80, 0x0E, 0x00, 0x1C, 0x00,
  0x38, 0x00, 0x70, 0x00, 0xE0, 0x01, 0xC0, 0x03, 0x80, 0x07, 0x00, 0x0E,
  0x00, 0x1C, 0x00, 0x38, 0x00, 0xFF, 0xFF, 0xFF, 0xC0, 0x1C, 0x00, 0xE0,
  0x0E, 0x00, 0xF0, 0x07, 0x00, 0x70, 0x03, 0x80, 0x38, 0x01, 0xC0, 0x1C,
  0x01, 0xE0, 0x0E, 0x00, 0xE0, 0x07, 0x00, 0x70, 0x07, 0x80, 0x38, 0x01,
  0xFF, 0xFF, 0xFF, 0x80, 0xFF, 0xFF, 0xFF, 0x80, 0x70, 0x0E, 0x01, 0xC0,
  0x38, 0x07, 0x00, 0xE0, 0x1C, 0x03, 0x80, 0x70, 0x0E, 0x01, 0xC0, 0x38,
  0x07, 0x00, 0xE0, 0x1C, 0x03, 0x80, 0x70, 0x0E, 0x01, 0xC0, 0x38, 0x07,
  0x00, 0xE0, 0x1F, 0xFF, 0xFF, 0x80, 0x60, 0x00, 0x70, 0x00, 0x30, 0x00,
  0x18, 0x00, 0x1C, 0x00, 0x0C, 0x00, 0x0E, 0x00, 0x06, 0x00, 0x03, 0x00,
  0x03, 0x80, 0x01, 0x80, 0x01, 0xC0, 0x00, 0xC0, 0x00, 0xE0, 0x00, 0x70,
  0x00, 0x30, 0x00, 0x38, 0x00, 0x18, 0x00, 0x1C, 0x00, 0x0E, 0x00, 0x06,
  0x00, 0x07, 0xFF, 0xFF, 0xFC, 0x03, 0x80, 0x70, 0x0E, 0x01, 0xC0, 0x38,
  0x07, 0x00, 0xE0, 0x1C, 0x03, 0x80, 0x70, 0x0E, 0x01, 0xC0, 0x38, 0x07,
  0x00, 0xE0, 0x1C, 0x03, 0x80, 0x70, 0x0E, 0x01, 0xC0, 0x38, 0x07, 0x00,
  0xFF, 0xFF, 0xFF, 0x80, 0x00, 0x00, 0x0C, 0x00, 0x30, 0x00, 0xE0, 0x07,
  0x80, 0x1B, 0x00, 0xCC, 0x03, 0x18, 0x18, 0x60, 0x60, 0xC3, 0x03, 0x0C,
  0x06, 0x60, 0x19, 0x80, 0x7C, 0x00, 0xC0, 0xFF, 0xFF, 0xFF, 0xF0, 0x70,
  0x60, 0x60, 0xE0, 0xE0, 0x07, 0xF8, 0x7F, 0xE3, 0xC3, 0x9E, 0x0E, 0x70,
  0x3B, 0x80, 0xEE, 0x03, 0xB8, 0x0E, 0xE0, 0x3B, 0x80, 0xEE, 0x07, 0xBC,
  0x3E, 0x71, 0xB9, 0xFC, 0xE1, 0xE3, 0xC0, 0xC0, 0x0C, 0x00, 0xC0, 0x0C,
  0x00, 0xC0, 0x0C, 0x00, 0xC0, 0x0C, 0x78, 0xCF, 0xED, 0x8E, 0xF0, 0xFE,
  0x07, 0xC0, 0x7C, 0x07, 0xC0, 0x7C, 0x07, 0xC0, 0x7C, 0x0E, 0xC1, 0xEC,
  0x3C, 0xFF, 0x8F, 0xE0, 0x07, 0xF0, 0xFF, 0xCF, 0x06, 0xE0, 0x07, 0x00,
  0x70, 0x03, 0x80, 0x1C, 0x00, 0xE0, 0x07, 0x00, 0x1C, 0x00, 0xE0, 0x03,
  0xC1, 0x8F, 0xFC, 0x1F, 0xC0, 0x00, 0x70, 0x07, 0x00, 0x70, 0x07, 0x00,
  0x70, 0x07, 0x00, 0x70, 0xFF, 0x1F, 0xF3, 0x87, 0x70, 0x77, 0x07, 0xE0,
  0x7E, 0x07, 0xE0, 0x7E, 0x07, 0xE0, 0x7E, 0x0F, 0xE1, 0xF7, 0x37, 0x7E,
  0x73, 0xC7, 0x0F, 0xC0, 0xFF, 0x0E, 0x3C, 0xE0, 0xE6, 0x03, 0xF0, 0x1F,
  0xFF, 0xFF, 0xFF, 0xE0, 0x07, 0x00, 0x18, 0x00, 0xE0, 0x03, 0x83, 0x8F,
  0xFC, 0x3F, 0x00, 0x03, 0xF0, 0x7F, 0x0E, 0x01, 0xC0, 0x18, 0x01, 0x80,
  0x18, 0x01, 0x80, 0xFF, 0xEF, 0xFE, 0x18, 0x01, 0x80, 0x18, 0x01, 0x80,
  0x18, 0x01, 0x80, 0x18, 0x01, 0x80, 0x18, 0x01, 0x80, 0x18, 0x01, 0x80,
  0x0F, 0xF1, 0xFF, 0x38, 0x77, 0x07, 0x70, 0x7E, 0x07, 0xE0, 0x7E, 0x07,
  0xE0, 0x7E, 0x07, 0xE0, 0xFE, 0x1F, 0x73, 0x77, 0xE7, 0x3C, 0x70, 0x07,
  0x00, 0x70, 0x0E, 0xC1, 0xEF, 0xFC, 0x3F, 0x00, 0xE0, 0x0E, 0x00, 0xE0,
  0x0E, 0x00, 0xE0, 0x0E, 0x00, 0xE0, 0x0E, 0x3C, 0xEF, 0xED, 0xCF, 0xF8,
  0x7F, 0x07, 0xE0, 0x7E, 0x07, 0xE0, 0x7E, 0x07, 0xE0, 0x7E, 0x07, 0xE0,
  0x7E, 0x07, 0xE0, 0x7E, 0x07, 0x0E, 0x01, 0xC0, 0x38, 0x00, 0x00, 0x00,
  0x00, 0x00, 0x07, 0xF0, 0xFE, 0x01, 0xC0, 0x38, 0x07, 0x00, 0xE0, 0x1C,
  0x03, 0x80, 0x70, 0x0E, 0x01, 0xC0, 0x38, 0x07, 0x00, 0xFE, 0x1F, 0xC0,
  0x00, 0xC0, 0x3C, 0x03, 0x00, 0x00, 0x00, 0x00, 0x00, 0x01, 0xFE, 0x3F,
  0xC0, 0x18, 0x03, 0x00, 0x60, 0x0C, 0x01, 0x80, 0x30, 0x06, 0x00, 0xC0,
  0x18, 0x03, 0x00, 0x60, 0x0C, 0x01, 0x80, 0x30, 0x06, 0x01, 0xD0, 0x73,
  0xFC, 0x7F, 0x00, 0xE0, 0x03, 0x80, 0x0E, 0x00, 0x38, 0x00, 0xE0, 0x03,
  0x80, 0x0E, 0x00, 0x38, 0x1E, 0xE0, 0xF3, 0x87, 0x8E, 0x3C, 0x39, 0xE0,
  0xEF, 0x03, 0xF8, 0x0E, 0xE0, 0x3B, 0xC0, 0xE7, 0x83, 0x8F, 0x0E, 0x1E,
  0x38, 0x38, 0xE0, 0x73, 0x80, 0xE0, 0xFC, 0x1F, 0x80, 0x30, 0x06, 0x00,
  0xC0, 0x18, 0x03, 0x00, 0x60, 0x0C, 0x01, 0x80, 0x30, 0x06, 0x00, 0xC0,
  0x18, 0x03, 0x00, 0x60, 0x0C, 0x01, 0x80, 0x30, 0x06, 0x00, 0xFE, 0x1F,
  0xC0, 0xCE, 0x3B, 0x7D, 0xFD, 0xF7, 0xFC, 0xF3, 0xE3, 0x8F, 0x8E, 0x3C,
  0x30, 0xF0, 0xC3, 0xC3, 0x0F, 0x0C, 0x3C, 0x30, 0xF0, 0xC3, 0xC3, 0x0F,
  0x0C, 0x3C, 0x30, 0xF0, 0xC3, 0xE3, 0xCE, 0xFE, 0xFC, 0xFF, 0x87, 0xF0,
  0x7E, 0x07, 0xE0, 0x7E, 0x07, 0xE0, 0x7E, 0x07, 0xE0, 0x7E, 0x07, 0xE0,
  0x7E, 0x07, 0xE0, 0x70, 0x0F, 0xC0, 0x7F, 0x83, 0x87, 0x1C, 0x0E, 0xE0,
  0x3F, 0x80, 0x7E, 0x01, 0xF8, 0x07, 0xE0, 0x1F, 0x80, 0x7F, 0x03, 0x9C,
  0x0E, 0x38, 0x70, 0x7F, 0x80, 0xFC, 0x00, 0xC7, 0x8C, 0xFE, 0xD8, 0xEF,
  0x0F, 0xE0, 0x7C, 0x07, 0xC0, 0x7C, 0x07, 0xC0, 0x7C, 0x07, 0xC0, 0xEC,
  0x1E, 0xC3, 0xCF, 0xF8, 0xFE, 0x0C, 0x00, 0xC0, 0x0C, 0x00, 0xC0, 0x0C,
  0x00, 0xC0, 0x00, 0x0F, 0xF1, 0xFF, 0x38, 0x77, 0x07, 0x70, 0x7E, 0x07,
  0xE0, 0x7E, 0x07, 0xE0, 0x7E, 0x07, 0xE0, 0xFE, 0x1F, 0x73, 0x77, 0xE7,
  0x3C, 0x70, 0x07, 0x00, 0x70, 0x07, 0x00, 0x70, 0x07, 0x00, 0x70, 0xE3,
  0xFD, 0xFF, 0xF1, 0xFC, 0x3F, 0x07, 0xC0, 0xF8, 0x07, 0x00, 0xE0, 0x1C,
  0x03, 0x80, 0x70, 0x0E, 0x01, 0xC0, 0x38, 0x00, 0x1F, 0xC7, 0xFE, 0xF0,
  0x2E, 0x00, 0xE0, 0x0F, 0x80, 0x7E, 0x01, 0xFC, 0x03, 0xE0, 0x0F, 0x00,
  0x70, 0x07, 0xE0, 0x7F, 0xFE, 0x3F, 0x80, 0x0C, 0x00, 0x60, 0x03, 0x00,
  0x18, 0x00, 0xC0, 0x06, 0x03, 0xFF, 0xFF, 0xFF, 0x0C, 0x00, 0x60, 0x03,
  0x00, 0x18, 0x00, 0xC0, 0x06, 0x00, 0x30, 0x01, 0x80, 0x0C, 0x00, 0x70,
  0x41, 0xFE, 0x07, 0xE0, 0xC0, 0x3C, 0x03, 0xC0, 0x3C, 0x03, 0xC0, 0x3C,
  0x03, 0xC0, 0x3C, 0x03, 0xC0, 0x3C, 0x07, 0xC0, 0x7C, 0x0F, 0xE3, 0xB7,
  0xF3, 0x3E, 0x30, 0x60, 0x07, 0x70, 0x06, 0x30, 0x0E, 0x38, 0x0E, 0x38,
  0x0C, 0x1C, 0x1C, 0x1C, 0x18, 0x0C, 0x38, 0x0E, 0x30, 0x06, 0x70, 0x07,
  0x60, 0x07, 0xE0, 0x03, 0xE0, 0x03, 0xC0, 0x01, 0xC0, 0xE1, 0xC3, 0x61,
  0xC3, 0x63, 0xC3, 0x63, 0xC3, 0x63, 0xE2, 0x63, 0x66, 0x76, 0x66, 0x76,
  0x76, 0x36, 0x76, 0x36, 0x36, 0x3C, 0x34, 0x3C, 0x3C, 0x3C, 0x1C, 0x3C,
  0x1C, 0x18, 0x1C, 0x70, 0x18, 0xF0, 0x70, 0xE1, 0xC0, 0xE7, 0x00, 0xEC,
  0x01, 0xF8, 0x01, 0xE0, 0x03, 0xC0, 0x07, 0xC0, 0x1F, 0xC0, 0x73, 0x81,
  0xC3, 0x83, 0x03, 0x8E, 0x07, 0xB8, 0x07, 0x00, 0x70, 0x07, 0x70, 0x06,
  0x38, 0x0E, 0x38, 0x0E, 0x1C, 0x0C, 0x1C, 0x1C, 0x0E, 0x18, 0x0E, 0x38,
  0x07, 0x30, 0x07, 0x30, 0x03, 0xF0, 0x03, 0xE0, 0x01, 0xE0, 0x01, 0xC0,
  0x01, 0xC0, 0x01, 0x80, 0x03, 0x80, 0x03, 0x00, 0x0F, 0x00, 0xFE, 0x00,
  0xF8, 0x00, 0xFF, 0xF7, 0xFF, 0x80, 0x1C, 0x01, 0xC0, 0x1C, 0x01, 0xC0,
  0x1C, 0x01, 0xE0, 0x0E, 0x00, 0xE0, 0x0E, 0x00, 0xE0, 0x0E, 0x00, 0x7F,
  0xFF, 0xFF, 0xE0, 0x03, 0xF0, 0x7F, 0x0E, 0x00, 0xC0, 0x0E, 0x00, 0xE0,
  0x0E, 0x00, 0x60, 0x06, 0x00, 0x60, 0x0E, 0x01, 0xC0, 0xF8, 0x0F, 0x80,
  0x1C, 0x00, 0xE0, 0x06, 0x00, 0x60, 0x06, 0x00, 0xE0, 0x0E, 0x00, 0xE0,
  0x0C, 0x00, 0xE0, 0x0E, 0x00, 0x7F, 0x03, 0xF0, 0xFF, 0xFF, 0xFF, 0xFF,
  0xFF, 0xF0, 0xFC, 0x0F, 0xE0, 0x0E, 0x00, 0x70, 0x07, 0x00, 0x60, 0x06,
  0x00, 0xE0, 0x0E, 0x00, 0xE0, 0x0E, 0x00, 0x70, 0x03, 0xF0, 0x3F, 0x07,
  0x00, 0x60, 0x0E, 0x00, 0xE0, 0x0E, 0x00, 0xE0, 0x06, 0x00, 0x60, 0x07,
  0x00, 0x70, 0x0E, 0x0F, 0xE0, 0xF8, 0x00, 0x3C, 0x06, 0xFE, 0x0F, 0x1E,
  0x36, 0x0F, 0xE8, 0x07, 0x80 };

const GFXglyph MusicArtistLatinGlyphs[] PROGMEM = {
  {     0,   1,   1,  16,    0,    0 },   // 0x20 ' '
  {     1,   4,  22,  16,    6,  -20 },   // 0x21 '!'
  {    12,   9,   8,  16,    4,  -21 },   // 0x22 '"'
  {    21,  14,  21,  16,    1,  -20 },   // 0x23 '#'
  {    58,  12,  25,  16,    2,  -22 },   // 0x24 '$'
  {    96,  16,  22,  17,    0,  -20 },   // 0x25 '%'
  {   140,  16,  22,  16,    0,  -20 },   // 0x26 '&'
  {   184,   5,   9,  16,    6,  -21 },   // 0x27 '''
  {   190,  12,  27,  16,    2,  -21 },   // 0x28 '('
  {   231,  12,  27,  17,    2,  -21 },   // 0x29 ')'
  {   272,  12,  12,  16,    2,  -20 },   // 0x2A '*'
  {   290,  14,  15,  16,    1,  -14 },   // 0x2B '+'
  {   317,   5,  10,  16,    6,   -3 },   // 0x2C ','
  {   324,  10,   2,  16,    3,   -8 },   // 0x2D '-'
  {   327,   4,   5,  16,    6,   -3 },   // 0x2E '.'
  {   330,  16,  22,  16,    0,  -20 },   // 0x2F '/'
  {   374,  14,  22,  16,    1,  -20 },   // 0x30 '0'
  {   413,  13,  21,  16,    2,  -20 },   // 0x31 '1'
  {   448,  13,  21,  16,    2,  -20 },   // 0x32 '2'
  {   483,  13,  22,  17,    2,  -20 },   // 0x33 '3'
  {   519,  16,  21,  16,    0,  -20 },   // 0x34 '4'
  {   561,  13,  21,  16,    1,  -20 },   // 0x35 '5'
  {   596,  14,  22,  16,    1,  -20 },   // 0x36 '6'
  {   635,  13,  21,  16,    2,  -20 },   // 0x37 '7'
  {   670,  13,  22,  17,    2,  -20 },   // 0x38 '8'
  {   706,  14,  22,  16,    1,  -20 },   // 0x39 '9'
  {   745,   4,  16,  16,    6,  -14 },   // 0x3A ':'
  {   753,   5,  21,  16,    6,  -14 },   // 0x3B ';'
  {   767,  14,  15,  16,    1,  -14 },   // 0x3C '<'
  {   794,  14,   7,  16,    1,  -10 },   // 0x3D '='
  {   807,  14,  15,  16,    1,  -14 },   // 0x3E '>'
  {   834,  11,  22,  16,    3,  -20 },   // 0x3F '?'
  {   865,  17,  23,  18,    0,  -21 },   // 0x40 '@'
  {   914,  16,  21,  16,    0,  -20 },   // 0x41 'A'
  {   956,  13,  21,  17,    2,  -20 },   // 0x42 'B'
  {   991,  13,  22,  16,    1,  -20 },   // 0x43 'C'
  {  1027,  13,  21,  16,    2,  -20 },   // 0x44 'D'
  {  1062,  12,  21,  16,    3,  -20 },   // 0x45 'E'
  {  1094,  12,  21,  16,    3,  -20 },   // 0x46 'F'
  {  1126,  14,  22,  17,    1,  -20 },   // 0x47 'G'
  {  1165,  12,  21,  16,    2,  -20 },   // 0x48 'H'
  {  1197,  13,  21,  16,    2,  -20 },   // 0x49 'I'
  {  1232,  12,  22,  17,    1,  -20 },   // 0x4A 'J'
  {  1265,  15,  21,  16,    2,  -20 },   // 0x4B 'K'
  {  1305,  12,  21,  16,    3,  -20 },   // 0x4C 'L'
  {  1337,  14,  21,  16,    1,  -20 },   // 0x4D 'M'
  {  1374,  12,  21,  16,    2,  -20 },   // 0x4E 'N'
  {  1406,  14,  22,  16,    1,  -20 },   // 0x4F 'O'
  {  1445,  13,  21,  16,    2,  -20 },   // 0x50 'P'
  {  1480,  15,  27,  16,    1,  -20 },   // 0x51 'Q'
  {  1531,  14,  21,  16,    2,  -20 },   // 0x52 'R'
  {  1568,  13,  22,  17,    2,  -20 },   // 0x53 'S'
  {  1604,  15,  21,  16,    1,  -20 },   // 0x54 'T'
  {  1644,  12,  22,  16,    2,  -20 },   // 0x55 'U'
  {  1677,  16,  21,  16,    0,  -20 },   // 0x56 'V'
  {  1719,  16,  21,  16,    0,  -20 },   // 0x57 'W'
  {  1761,  15,  21,  16,    1,  -20 },   // 0x58 'X'
  {  1801,  15,  21,  16,    1,  -20 },   // 0x59 'Y'
  {  1841,  13,  21,  16,    2,  -20 },   // 0x5A 'Z'
  {  1876,  11,  27,  16,    5,  -21 },   // 0x5B '['
  {  1914,  16,  22,  16,    0,  -20 },   // 0x5C '\'
  {  1958,  11,  27,  16,    1,  -21 },   // 0x5D ']'
  {  1996,  14,  15,  16,    1,  -20 },   // 0x5E '^'
  {  2023,  14,   2,  16,    1,    1 },   // 0x5F '_'
  {  2027,   7,   5,  16,    4,  -21 },   // 0x60 '`'
  {  2032,  14,  15,  16,    1,  -14 },   // 0x61 'a'
  {  2059,  12,  22,  16,    2,  -21 },   // 0x62 'b'
  {  2092,  13,  15,  16,    2,  -14 },   // 0x63 'c'
  {  2117,  12,  22,  16,    2,  -21 },   // 0x64 'd'
  {  2150,  13,  15,  17,    2,  -14 },   // 0x65 'e'
  {  2175,  12,  22,  16,    3,  -21 },   // 0x66 'f'
  {  2208,  12,  21,  16,    2,  -14 },   // 0x67 'g'
  {  2240,  12,  22,  16,    2,  -21 },   // 0x68 'h'
  {  2273,  11,  22,  16,    2,  -21 },   // 0x69 'i'
  {  2304,  11,  28,  16,    2,  -21 },   // 0x6A 'j'
  {  2343,  14,  22,  16,    2,  -21 },   // 0x6B 'k'
  {  2382,  11,  22,  16,    2,  -21 },   // 0x6C 'l'
  {  2413,  14,  16,  16,    1,  -15 },   // 0x6D 'm'
  {  2441,  12,  15,  16,    2,  -14 },   // 0x6E 'n'
  {  2464,  14,  15,  16,    1,  -14 },   // 0x6F 'o'
  {  2491,  12,  21,  16,    2,  -14 },   // 0x70 'p'
  {  2523,  12,  21,  16,    2,  -14 },   // 0x71 'q'
  {  2555,  11,  15,  16,    3,  -14 },   // 0x72 'r'
  {  2576,  12,  15,  16,    2,  -14 },   // 0x73 's'
  {  2599,  13,  20,  16,    1,  -19 },   // 0x74 't'
  {  2632,  12,  15,  16,    2,  -14 },   // 0x75 'u'
  {  2655,  16,  15,  16,    0,  -14 },   // 0x76 'v'
  {  2685,  16,  15,  16,    0,  -14 },   // 0x77 'w'
  {  2715,  15,  15,  16,    1,  -14 },   // 0x78 'x'
  {  2744,  16,  21,  16,    0,  -14 },   // 0x79 'y'
  {  2786,  13,  15,  16,    2,  -14 },   // 0x7A 'z'
  {  2811,  12,  27,  16,    3,  -21 },   // 0x7B '{'
  {  2852,   2,  22,  16,    7,  -20 },   // 0x7C '|'
  {  2858,  12,  27,  16,    2,  -21 },   // 0x7D '}'
  {  2899,  15,   5,  16,    1,   -9 } }; // 0x7E '~'

const GFXfont MusicArtistLatin PROGMEM = {
  (uint8_t  *)MusicArtistLatinBitmaps,
  (GFXglyph *)MusicArtistLatinGlyphs,
  0x20, 0x7E, 38 };

const uint8_t MusicArtistThaiBitmaps[] PROGMEM = {
  0xFF, 0xFF, 0xFC, 0x0F, 0x03, 0xC0, 0xF0, 0x3C, 0x0F, 0x03, 0xC0, 0xF0,
  0x3C, 0x0F, 0x03, 0xC0, 0xF0, 0x3C, 0x0F, 0x03, 0xC0, 0xF0, 0x3C, 0x0F,
  0x03, 0xC0, 0xF0, 0x3C, 0x0F, 0x03, 0xC0, 0xF0, 0x3C, 0x0F, 0xFF, 0xFF,
  0xC0, 0x1F, 0x8F, 0xFB, 0xC3, 0xF0, 0x33, 0x86, 0xE0, 0xD8, 0x1B, 0x03,
  0x60, 0x6C, 0x0D, 0x81, 0xB0, 0x36, 0x06, 0xC0, 0xC0, 0x3C, 0x37, 0xE3,
  0xFF, 0x3C, 0xF3, 0xCF, 0x3F, 0xE3, 0x7E, 0x30, 0xC3, 0x0C, 0x30, 0xC3,
  0x0C, 0x30, 0xC3, 0x1F, 0xF1, 0xFE, 0x32, 0x07, 0xF3, 0x69, 0xBE, 0x1B,
  0xF9, 0xBD, 0x9B, 0xDB, 0x3F, 0xB3, 0x76, 0x30, 0x63, 0x06, 0x30, 0x63,
  0x06, 0x31, 0xFF, 0x1F, 0xF0, 0x1F, 0x83, 0xFE, 0x70, 0xFE, 0x03, 0xC7,
  0x3C, 0xFB, 0xD9, 0xBD, 0xFB, 0xF7, 0x3F, 0x03, 0x60, 0x36, 0x03, 0x60,
  0x36, 0x03, 0x60, 0x30, 0x18, 0xC3, 0xDE, 0x6E, 0x7E, 0x03, 0xC7, 0x3C,
  0xFB, 0xD9, 0xBD, 0xFB, 0x7F, 0x37, 0x03, 0x30, 0x33, 0x03, 0x30, 0x33,
  0x03, 0x30, 0x30, 0x33, 0x03, 0xFC, 0xFA, 0x67, 0xE3, 0x3F, 0x99, 0xEC,
  0xCF, 0x6C, 0x6E, 0xE3, 0x0E, 0x18, 0x60, 0xCF, 0x86, 0xDF, 0x36, 0xCF,
  0xBE, 0x3C, 0xE0, 0xE0, 0x01, 0xC0, 0x7C, 0x0D, 0x81, 0xF0, 0x1F, 0xC0,
  0xDE, 0x18, 0xE3, 0x0E, 0x60, 0xEC, 0x0F, 0x80, 0xF0, 0x0E, 0x00, 0xC0,
  0x1F, 0x87, 0xFC, 0xE0, 0xE8, 0x06, 0x00, 0x71, 0xC6, 0x3E, 0x63, 0x76,
  0x3F, 0x61, 0xD6, 0x01, 0xE0, 0x1E, 0x00, 0xE0, 0x0E, 0x00, 0xE0, 0x1F,
  0x83, 0xFF, 0x38, 0x3D, 0x00, 0x60, 0x03, 0x38, 0x1B, 0xE0, 0xDB, 0x06,
  0xF8, 0x33, 0xC3, 0x86, 0x7C, 0x37, 0xB1, 0xFD, 0x8E, 0x7C, 0x61, 0xC0,
  0x00, 0x0E, 0x00, 0x38, 0xF1, 0xE3, 0xF3, 0x0F, 0xF3, 0x19, 0xE6, 0x33,
  0xCC, 0x7F, 0x98, 0x7E, 0x30, 0x0C, 0x60, 0x18, 0xC0, 0x31, 0x80, 0x63,
  0x00, 0xC6, 0x07, 0xFC, 0x0F, 0xF8, 0x00, 0x0E, 0x00, 0x39, 0xFD, 0xC3,
  0x4D, 0x0F, 0x1B, 0x1F, 0x36, 0x36, 0x6C, 0x7D, 0x98, 0x73, 0x30, 0x0C,
  0x60, 0x18, 0xC0, 0x31, 0x80, 0x63, 0x00, 0xC6, 0x07, 0xFC, 0x0F, 0xF8,
  0x1F, 0x06, 0xFF, 0x0F, 0x87, 0x1F, 0x06, 0x33, 0x0C, 0x6C, 0x18, 0xD8,
  0x31, 0xB0, 0x63, 0x60, 0xC6, 0xE3, 0x8D, 0xAF, 0xDB, 0x5F, 0xF7, 0xBC,
  0xE6, 0x30, 0xC0, 0x1F, 0x06, 0xFF, 0x0F, 0x87, 0x1F, 0x06, 0x33, 0x0C,
  0x6C, 0x18, 0xD8, 0x31, 0xB0, 0x63, 0x60, 0xC6, 0xF1, 0x8D, 0xB3, 0x1B,
  0x66, 0x37, 0xCF, 0xE7, 0x1F, 0x80, 0x38, 0x00, 0xFB, 0x01, 0xB6, 0x03,
  0x7C, 0x07, 0xF0, 0x07, 0x80, 0x07, 0xE0, 0xFF, 0x8E, 0x0E, 0x70, 0x30,
  0xE1, 0x8E, 0x0C, 0x60, 0x63, 0x03, 0x18, 0x1B, 0xC0, 0xF6, 0x07, 0xB0,
  0x3F, 0x81, 0xB8, 0x0C, 0x06, 0x61, 0xF3, 0x1F, 0x98, 0x8E, 0xC6, 0xDE,
  0x3C, 0x70, 0x07, 0xE0, 0xFF, 0x8E, 0x0E, 0x70, 0x30, 0xE1, 0x8E, 0x0C,
  0x60, 0x63, 0x03, 0x18, 0x1B, 0xC0, 0xFE, 0x07, 0xB0, 0x3F, 0x81, 0xB8,
  0x0C, 0x00, 0x6E, 0xC3, 0xFC, 0xDE, 0x7F, 0xFF, 0xFE, 0xE2, 0x70, 0x00,
  0x01, 0xFE, 0x70, 0xFE, 0x00, 0xFE, 0x00, 0x38, 0x00, 0xC3, 0x8C, 0x7C,
  0xC6, 0xCC, 0x7E, 0xC3, 0x6C, 0x03, 0x80, 0x38, 0x01, 0x80, 0x38, 0x1B,
  0xC0, 0xAC, 0x0A, 0xC7, 0x9C, 0x6E, 0xC7, 0x7C, 0x32, 0x0E, 0xFE, 0x1D,
  0xA6, 0x7F, 0x0C, 0xFF, 0x9B, 0x7B, 0x36, 0xF6, 0xD9, 0xFD, 0xB3, 0x76,
  0xC6, 0x0D, 0x8C, 0x1E, 0x18, 0x3C, 0x30, 0x78, 0x60, 0xE0, 0xC1, 0xC1,
  0x80, 0x31, 0x00, 0xF7, 0x0D, 0x97, 0x1E, 0x06, 0x3C, 0x0C, 0x79, 0x98,
  0xF7, 0xB1, 0xED, 0x63, 0x7E, 0xC6, 0xC9, 0x8D, 0xB7, 0x1B, 0xDB, 0xB7,
  0x35, 0xEE, 0x69, 0xDC, 0x71, 0x80, 0x3F, 0x0C, 0x7F, 0x8C, 0xE1, 0x8C,
  0x70, 0xCC, 0x20, 0xCC, 0x60, 0xCC, 0x60, 0xCC, 0x60, 0xCC, 0x60, 0xCC,
  0x78, 0xDE, 0x6C, 0xDF, 0x6C, 0xFB, 0x7C, 0xFF, 0x38, 0xCE, 0x1F, 0x83,
  0xFE, 0x70, 0x7C, 0x73, 0xCF, 0xBC, 0xDB, 0xED, 0xB6, 0x73, 0x66, 0x37,
  0xC3, 0x3C, 0x33, 0x83, 0x30, 0x33, 0x03, 0x18, 0xC3, 0xDE, 0x7E, 0x7E,
  0x03, 0xC0, 0x3C, 0x73, 0xCF, 0xBC, 0xDB, 0x6F, 0xB6, 0x73, 0x7E, 0x33,
  0xC3, 0x38, 0x33, 0x03, 0x30, 0x30, 0x1F, 0x8F, 0xFB, 0x83, 0xF8, 0x33,
  0x86, 0xC0, 0xD8, 0x1B, 0x03, 0x60, 0x6F, 0x8D, 0xD9, 0xB3, 0x37, 0xE6,
  0x78, 0xC0, 0x70, 0xF7, 0xC6, 0xF6, 0x67, 0xF3, 0x33, 0xB9, 0x8D, 0x8C,
  0x6C, 0x63, 0xC3, 0x1E, 0x18, 0xF0, 0xC7, 0x06, 0x38, 0x31, 0xC1, 0x8C,
  0x0C, 0x3F, 0x17, 0xFF, 0xE0, 0xFF, 0x80, 0x7F, 0x80, 0x0E, 0x60, 0x66,
  0x06, 0x60, 0x66, 0x06, 0x60, 0x66, 0x06, 0x60, 0x6F, 0xFE, 0xFF, 0xE0,
  0x70, 0x1F, 0xC0, 0xF6, 0x07, 0xF0, 0x37, 0x81, 0x8C, 0x0C, 0x60, 0x63,
  0x03, 0x18, 0x30, 0xC7, 0x86, 0xF6, 0x3F, 0xB1, 0xCF, 0x8C, 0x38, 0x70,
  0x1F, 0xC0, 0xF6, 0x07, 0xF0, 0x33, 0x81, 0x8C, 0x0C, 0x60, 0x63, 0x03,
  0x18, 0x18, 0xC0, 0xC6, 0x06, 0x30, 0x37, 0xFF, 0xBF, 0xF8, 0x00, 0x18,
  0x00, 0xC0, 0x06, 0x00, 0x30, 0x01, 0x80, 0x0D, 0xC0, 0x7F, 0x03, 0xD8,
  0x1F, 0xC0, 0xCE, 0x06, 0x30, 0x31, 0x81, 0x8C, 0x0C, 0x60, 0x63, 0x03,
  0x18, 0x18, 0xC0, 0xCF, 0xFE, 0x7F, 0xE0, 0x78, 0x7F, 0x8F, 0x31, 0xFE,
  0x3F, 0x07, 0x80, 0xF0, 0x1E, 0x23, 0xCE, 0x79, 0xEF, 0x6D, 0xFC, 0xFF,
  0x1F, 0xC1, 0xC0, 0x00, 0x60, 0x0C, 0x01, 0x80, 0x30, 0x06, 0x00, 0xDE,
  0x1F, 0xE3, 0xCC, 0x7F, 0x8F, 0xC1, 0xE0, 0x3C, 0x07, 0x88, 0xF3, 0x9E,
  0xFB, 0xDB, 0x7F, 0x3F, 0xC7, 0xF0, 0x70, 0x70, 0x8F, 0xE2, 0x3D, 0x8C,
  0xFE, 0x73, 0x39, 0xCC, 0x6F, 0xB1, 0xB6, 0xC6, 0xDB, 0x1E, 0x3C, 0x78,
  0xF1, 0xE3, 0xC7, 0x07, 0x1C, 0x1C, 0x60, 0x70, 0x00, 0x0C, 0x00, 0x30,
  0x00, 0xC0, 0x03, 0x00, 0x0C, 0x00, 0x37, 0x08, 0xFE, 0x23, 0xD9, 0xCF,
  0xE7, 0x33, 0xBC, 0xC6, 0xDB, 0x1B, 0x6C, 0x7D, 0xB1, 0xE3, 0xC7, 0x8F,
  0x1C, 0x3C, 0x70, 0x71, 0xC1, 0xC6, 0x07, 0x07, 0xE0, 0xFF, 0x8E, 0x0E,
  0x78, 0x30, 0xC1, 0x8C, 0x0C, 0x60, 0x63, 0x03, 0x18, 0x1B, 0xC0, 0xF6,
  0x07, 0xB0, 0x3F, 0x81, 0xB8, 0x0C, 0x70, 0x1F, 0xC0, 0xF6, 0x07, 0xF0,
  0x37, 0x81, 0x8C, 0x0C, 0x60, 0x63, 0x03, 0x7C, 0x1F, 0xF8, 0xF6, 0xF7,
  0xB3, 0xFF, 0x87, 0xB8, 0x1C, 0x78, 0x7F, 0x8F, 0x31, 0xFE, 0x3D, 0x07,
  0xC0, 0xDF, 0x19, 0xE3, 0x60, 0x6C, 0x0D, 0x81, 0xB0, 0x37, 0xFE, 0xFF,
  0x80, 0x1F, 0x07, 0xFF, 0x60, 0xFF, 0x00, 0x0F, 0x80, 0x3E, 0x00, 0xE0,
  0x06, 0x00, 0x60, 0x06, 0x01, 0xE0, 0x36, 0x03, 0x60, 0x3E, 0x01, 0xC0,
  0x1F, 0x8F, 0xFB, 0xC3, 0xF0, 0x33, 0x86, 0xE0, 0xD8, 0x1B, 0x03, 0x60,
  0x6F, 0x8D, 0xD9, 0xB3, 0x37, 0xE6, 0x78, 0xC0, 0x18, 0x03, 0x00, 0x60,
  0x0C, 0x01, 0x80, 0x30, 0x1F, 0x0F, 0xFB, 0x87, 0x40, 0x33, 0x86, 0xF8,
  0xDF, 0x9B, 0x3B, 0x63, 0x6F, 0xBD, 0xFF, 0xB3, 0x76, 0x6E, 0xFD, 0xCF,
  0x18, 0x07, 0xE0, 0xFF, 0x8E, 0x0E, 0x70, 0x30, 0xE1, 0x8E, 0x0C, 0x60,
  0x63, 0x03, 0x18, 0x1B, 0xC0, 0xF6, 0x07, 0xB0, 0x3F, 0x81, 0xB8, 0x0C,
  0x00, 0x60, 0x03, 0x00, 0x18, 0x00, 0xC0, 0x06, 0x00, 0x30, 0x3F, 0x1F,
  0xFB, 0x03, 0xC0, 0x30, 0x06, 0x00, 0xC0, 0x18, 0x03, 0x00, 0x60, 0x3C,
  0x0D, 0x81, 0xB0, 0x3E, 0x03, 0x80, 0x00, 0x38, 0xFF, 0x8F, 0xE0, 0xE1,
  0xCE, 0x03, 0x63, 0x9B, 0x26, 0xDB, 0x36, 0xDF, 0xB3, 0xB9, 0x98, 0x0C,
  0xC0, 0x66, 0x03, 0x30, 0x19, 0x80, 0xCC, 0x06, 0x70, 0x18, 0xF8, 0x18,
  0xF8, 0x18, 0xF8, 0x18, 0x39, 0xD8, 0x1B, 0xDA, 0x1B, 0xDB, 0x1B, 0xFE,
  0x18, 0xFC, 0x18, 0x18, 0x18, 0x18, 0x18, 0x18, 0x3F, 0xF8, 0x3F, 0xF0,
  0x00, 0x79, 0xFF, 0x9F, 0xF1, 0xC1, 0x88, 0x06, 0x1C, 0x30, 0xF1, 0x8F,
  0xCC, 0x66, 0x63, 0x1B, 0x1F, 0x58, 0xFF, 0xC6, 0x7E, 0x33, 0x71, 0xFB,
  0x87, 0x8C, 0x00, 0x73, 0x87, 0xFE, 0x37, 0xB1, 0xBF, 0x8F, 0x1C, 0xFC,
  0x66, 0x63, 0x63, 0x1B, 0x18, 0xF0, 0xC7, 0x86, 0x38, 0x31, 0xC1, 0x8E,
  0x0C, 0x60, 0x60, 0x00, 0x3C, 0x80, 0x3F, 0xDC, 0x19, 0xFF, 0x1F, 0xED,
  0x8B, 0xE7, 0xCE, 0x30, 0xE7, 0x18, 0x33, 0xCC, 0x1B, 0x66, 0x0D, 0xBB,
  0x07, 0xCD, 0x83, 0xC3, 0xC1, 0xE1, 0xE0, 0xE0, 0x70, 0x70, 0x38, 0x30,
  0x0C, 0x1F, 0x0F, 0xFB, 0x83, 0xC0, 0x33, 0xC6, 0xFC, 0xD9, 0x9B, 0x33,
  0x7C, 0x6C, 0x0D, 0x81, 0xB0, 0x3F, 0xFF, 0xFF, 0x80, 0x00, 0x13, 0xFB,
  0xFF, 0xFC, 0x0E, 0xFF, 0x67, 0xE6, 0x38, 0x67, 0xC6, 0x4C, 0x67, 0xC6,
  0x78, 0x66, 0x06, 0x60, 0x6F, 0xFE, 0xFF, 0xC0, 0x70, 0xFE, 0x3D, 0x9F,
  0xFF, 0x3C, 0xC0, 0x30, 0x0C, 0x03, 0x00, 0xC0, 0x30, 0x0C, 0x03, 0x00,
  0xC0, 0x60, 0x70, 0x3E, 0x3D, 0x8F, 0xE6, 0xFF, 0x8F, 0x80, 0x01, 0xC0,
  0xF8, 0xF6, 0x3D, 0x9F, 0xFE, 0x3E, 0x00, 0x70, 0x3E, 0x1D, 0x9F, 0xFE,
  0x3E, 0x00, 0x3F, 0x1F, 0xFB, 0x03, 0xC0, 0x30, 0x06, 0x00, 0xC0, 0x18,
  0x03, 0x00, 0x60, 0x0C, 0x01, 0x80, 0x30, 0x06, 0x00, 0xC0, 0x78, 0x00,
  0x1F, 0x80, 0x03, 0x30, 0x00, 0x66, 0x00, 0x0F, 0xC0, 0x00, 0xF0, 0x00,
  0x00, 0x00, 0x00, 0x00, 0x00, 0x00, 0x00, 0x00, 0x07, 0xE0, 0x03, 0xFF,
  0x00, 0x60, 0x70, 0x18, 0x06, 0x00, 0x00, 0xC0, 0x00, 0x18, 0x00, 0x03,
  0x00, 0x00, 0x60, 0x00, 0x0C, 0x00, 0x01, 0x80, 0x00, 0x30, 0x00, 0x06,
  0x00, 0x00, 0xC0, 0x00, 0x18, 0x1F, 0x07, 0xF8, 0x7F, 0xCF, 0xFE, 0x80,
  0x20, 0x00, 0x61, 0xF6, 0x7F, 0xE6, 0xFE, 0xFF, 0xE8, 0x02, 0x01, 0xC1,
  0xFE, 0x7F, 0x66, 0xFE, 0xFF, 0xE8, 0x02, 0x03, 0x61, 0xF6, 0x7F, 0xE6,
  0xFE, 0xFF, 0xE8, 0x02, 0x77, 0xFE, 0xF1, 0x8C, 0x60, 0x01, 0xB8, 0xFE,
  0x7F, 0x37, 0x98, 0xFC, 0x7E, 0xFC, 0xFF, 0xFF, 0xFC, 0x0F, 0x03, 0xC0,
  0xF0, 0x3C, 0x0F, 0x03, 0xC0, 0xF0, 0x3C, 0x0F, 0x03, 0xC0, 0xF0, 0x3C,
  0x0F, 0x03, 0xC0, 0xF0, 0x3C, 0x0F, 0x03, 0xC0, 0xF0, 0x3C, 0x0F, 0x03,
  0xC0, 0xF0, 0x3C, 0x0F, 0xFF, 0xFF, 0xC0, 0xFF, 0xFF, 0xFC, 0x0F, 0x03,
  0xC0, 0xF0, 0x3C, 0x0F, 0x03, 0xC0, 0xF0, 0x3C, 0x0F, 0x03, 0xC0, 0xF0,
  0x3C, 0x0F, 0x03, 0xC0, 0xF0, 0x3C, 0x0F, 0x03, 0xC0, 0xF0, 0x3C, 0x0F,
  0x03, 0xC0, 0xF0, 0x3C, 0x0F, 0xFF, 0xFF, 0xC0, 0xFF, 0xFF, 0xFC, 0x0F,
  0x03, 0xC0, 0xF0, 0x3C, 0x0F, 0x03, 0xC0, 0xF0, 0x3C, 0x0F, 0x03, 0xC0,
  0xF0, 0x3C, 0x0F, 0x03, 0xC0, 0xF0, 0x3C, 0x0F, 0x03, 0xC0, 0xF0, 0x3C,
  0x0F, 0x03, 0xC0, 0xF0, 0x3C, 0x0F, 0xFF, 0xFF, 0xC0, 0xFF, 0xFF, 0xFC,
  0x0F, 0x03, 0xC0, 0xF0, 0x3C, 0x0F, 0x03, 0xC0, 0xF0, 0x3C, 0x0F, 0x03,
  0xC0, 0xF0, 0x3C, 0x0F, 0x03, 0xC0, 0xF0, 0x3C, 0x0F, 0x03, 0xC0, 0xF0,
  0x3C, 0x0F, 0x03, 0xC0, 0xF0, 0x3C, 0x0F, 0xFF, 0xFF, 0xC0, 0x06, 0x00,
  0x18, 0x00, 0x60, 0x3F, 0xF8, 0xFF, 0xF3, 0x18, 0xEC, 0x61, 0xB1, 0x86,
  0xC6, 0x1B, 0x18, 0xCF, 0xFE, 0x3F, 0xFC, 0xC6, 0x3B, 0x18, 0x3C, 0x60,
  0xF1, 0x83, 0xC6, 0x0F, 0x18, 0xEF, 0xFF, 0xBF, 0xF8, 0x06, 0x00, 0x18,
  0x00, 0x60, 0x00, 0xC6, 0x31, 0x8C, 0x63, 0x18, 0xC7, 0xB7, 0xBF, 0xB8,
  0xC1, 0x8C, 0x18, 0xC1, 0x8C, 0x18, 0xC1, 0x8C, 0x18, 0xC1, 0x8C, 0x18,
  0xC1, 0x8F, 0x9E, 0xED, 0xBC, 0xDB, 0xFD, 0xF7, 0x8E, 0x1F, 0xF7, 0xFF,
  0x60, 0x0F, 0x00, 0x0E, 0x00, 0x30, 0x03, 0x00, 0x30, 0x03, 0x00, 0x30,
  0x03, 0x00, 0x30, 0x03, 0x00, 0x30, 0x03, 0x00, 0x30, 0x03, 0x00, 0x30,
  0x03, 0x00, 0x38, 0x03, 0xC0, 0x3C, 0x03, 0xC0, 0x18, 0x1F, 0x07, 0xF8,
  0xF1, 0xCD, 0xCC, 0x8C, 0xCC, 0xCC, 0xFD, 0x87, 0x98, 0x01, 0x80, 0x18,
  0x01, 0x80, 0x18, 0x01, 0x80, 0x18, 0x01, 0x80, 0x18, 0x01, 0x80, 0x18,
  0x01, 0x80, 0x1E, 0x01, 0xB0, 0x1B, 0x01, 0xF0, 0x0E, 0x60, 0x0E, 0x18,
  0x73, 0x83, 0x58, 0x35, 0x83, 0x98, 0x11, 0x80, 0x18, 0x01, 0x80, 0x18,
  0x01, 0x80, 0x18, 0x01, 0x80, 0x18, 0x01, 0x80, 0x18, 0x01, 0x80, 0x18,
  0x01, 0x80, 0x18, 0x01, 0xE0, 0x1B, 0x01, 0xB0, 0x1F, 0x00, 0xE0, 0x3F,
  0x1F, 0xFB, 0x03, 0xC0, 0x30, 0x06, 0x00, 0xC0, 0x18, 0x03, 0x00, 0x60,
  0x0C, 0x01, 0x80, 0x30, 0x06, 0x00, 0xC0, 0x18, 0x03, 0x00, 0x60, 0x0C,
  0x01, 0x80, 0x3F, 0x8C, 0x1B, 0xE1, 0xE6, 0x3C, 0xC7, 0xF8, 0xDE, 0x18,
  0x03, 0x00, 0x60, 0x0C, 0x01, 0x80, 0x30, 0x06, 0x00, 0xC0, 0x18, 0x03,
  0x00, 0x60, 0x0C, 0x01, 0x80, 0x00, 0x40, 0x33, 0xFD, 0xFE, 0xE3, 0x35,
  0xEF, 0xDB, 0x3E, 0xC7, 0x00, 0xFF, 0xC0, 0xE1, 0xE7, 0xDB, 0xCE, 0x00,
  0x69, 0xEE, 0xB9, 0x54, 0xCE, 0xC0, 0x33, 0xFF, 0xCC, 0x30, 0x01, 0x03,
  0xDF, 0x1B, 0x0F, 0x83, 0x80, 0x77, 0xF7, 0xF7, 0x00, 0x3E, 0xE1, 0x81,
  0xCE, 0x18, 0x3A, 0x3C, 0x0F, 0xC0, 0xE1, 0xC6, 0x01, 0x99, 0xE6, 0xCF,
  0xCF, 0x7F, 0xBD, 0xFE, 0xF7, 0xFB, 0xDF, 0xEF, 0xBF, 0x76, 0x79, 0x9E,
  0x1C, 0x3F, 0xF0, 0x3F, 0x00, 0x1F, 0x87, 0xFE, 0x70, 0xEE, 0x07, 0xC0,
  0x3C, 0x03, 0xC0, 0x3E, 0x03, 0x70, 0xE3, 0xFE, 0x1F, 0x80, 0x1F, 0x83,
  0xFE, 0x70, 0xEE, 0x07, 0xC0, 0x3C, 0x63, 0xCF, 0x3C, 0xD3, 0x67, 0x27,
  0xE6, 0x3C, 0xC0, 0x18, 0x03, 0x00, 0x40, 0x03, 0x80, 0x07, 0x00, 0x0C,
  0x00, 0x30, 0x00, 0xC6, 0xE3, 0x3F, 0xCC, 0xC3, 0x33, 0xCC, 0xCF, 0x33,
  0x3C, 0xCC, 0x63, 0x30, 0x0C, 0xC0, 0x33, 0xFF, 0xC7, 0xFE, 0x3C, 0xF1,
  0xFF, 0xE6, 0x79, 0xB0, 0xC3, 0xC3, 0x0F, 0x0C, 0x3D, 0xB0, 0xFF, 0xC3,
  0xCF, 0x0D, 0xFC, 0x63, 0xB3, 0x80, 0x00, 0x10, 0x00, 0xC0, 0x06, 0x00,
  0x63, 0xFE, 0x3F, 0xE1, 0x87, 0x1C, 0x78, 0xC2, 0x46, 0x1E, 0x30, 0xF1,
  0x84, 0x0C, 0x30, 0x3B, 0xE0, 0xE3, 0xC0, 0x00, 0x10, 0x18, 0xC1, 0xE6,
  0x0F, 0x61, 0xFE, 0x38, 0x01, 0x86, 0x18, 0x78, 0xC2, 0xC6, 0x1E, 0x30,
  0xE1, 0x84, 0x0E, 0x30, 0x3F, 0xF0, 0xF3, 0xC0, 0x60, 0x03, 0x80, 0x03,
  0x00, 0x04, 0x00, 0x13, 0xE0, 0x7F, 0xE1, 0xC3, 0x80, 0x07, 0x0E, 0x0C,
  0x7C, 0x31, 0xB0, 0xC6, 0xC6, 0x1C, 0x38, 0x3F, 0xC0, 0x7E, 0x00, 0x00,
  0x08, 0x00, 0x60, 0x00, 0xC0, 0x03, 0x3B, 0x8D, 0xFE, 0x3E, 0xCC, 0xF1,
  0x33, 0xC0, 0xCF, 0x03, 0x6D, 0x8D, 0xBF, 0x34, 0xEC, 0xB1, 0xF7, 0x83,
  0x98, 0x00, 0x00, 0x10, 0x00, 0xC0, 0x06, 0x00, 0x60, 0x07, 0x1F, 0xF1,
  0xC0, 0x0C, 0x00, 0xC0, 0x06, 0x07, 0x30, 0x7D, 0x8B, 0x6C, 0xFB, 0x35,
  0xB9, 0xEF, 0x87, 0x3C, 0x00, 0x08, 0x00, 0x30, 0x00, 0xC0, 0x03, 0x3C,
  0xCD, 0xFB, 0xF6, 0x3F, 0xB0, 0xE6, 0xC1, 0x83, 0x06, 0x0C, 0xEC, 0x33,
  0xF0, 0x73, 0xC1, 0xFD, 0x81, 0xE2, 0x00, 0x78, 0x67, 0x98, 0xCF, 0x31,
  0x9F, 0xE7, 0x3F, 0x9E, 0x7C, 0x7C, 0xDF, 0xD9, 0x9F, 0x33, 0x00, 0x66,
  0x00, 0xCC, 0x01, 0x98, 0x03, 0x30, 0x0E, 0x60, 0x79, 0xC0, 0x67, 0x00,
  0x0F, 0x80, 0x00, 0x03, 0xFC, 0x00, 0x00, 0x70, 0xE0, 0x00, 0x06, 0x3E,
  0xC0, 0x00, 0xC7, 0xEC, 0x80, 0x0C, 0x66, 0xED, 0x60, 0xC6, 0x6E, 0xFE,
  0x0C, 0x3C, 0xBF, 0xFF, 0xC0, 0x1B, 0xFF, 0x0E, 0x01, 0xBE, 0x80, 0x60,
  0x33, 0x00, 0x03, 0x0E, 0x00, 0x00, 0x3F, 0xC0, 0x00, 0x00, 0xF8, 0x00,
  0x00, 0xFF, 0xFF, 0xFC, 0x0F, 0x03, 0xC0, 0xF0, 0x3C, 0x0F, 0x03, 0xC0,
  0xF0, 0x3C, 0x0F, 0x03, 0xC0, 0xF0, 0x3C, 0x0F, 0x03, 0xC0, 0xF0, 0x3C,
  0x0F, 0x03, 0xC0, 0xF0, 0x3C, 0x0F, 0x03, 0xC0, 0xF0, 0x3C, 0x0F, 0xFF,
  0xFF, 0xC0, 0xFF, 0xFF, 0xFC, 0x0F, 0x03, 0xC0, 0xF0, 0x3C, 0x0F, 0x03,
  0xC0, 0xF0, 0x3C, 0x0F, 0x03, 0xC0, 0xF0, 0x3C, 0x0F, 0x03, 0xC0, 0xF0,
  0x3C, 0x0F, 0x03, 0xC0, 0xF0, 0x3C, 0x0F, 0x03, 0xC0, 0xF0, 0x3C, 0x0F,
  0xFF, 0xFF, 0xC0, 0xFF, 0xFF, 0xFC, 0x0F, 0x03, 0xC0, 0xF0, 0x3C, 0x0F,
  0x03, 0xC0, 0xF0, 0x3C, 0x0F, 0x03, 0xC0, 0xF0, 0x3C, 0x0F, 0x03, 0xC0,
  0xF0, 0x3C, 0x0F, 0x03, 0xC0, 0xF0, 0x3C, 0x0F, 0x03, 0xC0, 0xF0, 0x3C,
  0x0F, 0xFF, 0xFF, 0xC0, 0xFF, 0xFF, 0xFC, 0x0F, 0x03, 0xC0, 0xF0, 0x3C,
  0x0F, 0x03, 0xC0, 0xF0, 0x3C, 0x0F, 0x03, 0xC0, 0xF0, 0x3C, 0x0F, 0x03,
  0xC0, 0xF0, 0x3C, 0x0F, 0x03, 0xC0, 0xF0, 0x3C, 0x0F, 0x03, 0xC0, 0xF0,
  0x3C, 0x0F, 0xFF, 0xFF, 0xC0, 0xFF, 0xFF, 0xFC, 0x0F, 0x03, 0xC0, 0xF0,
  0x3C, 0x0F, 0x03, 0xC0, 0xF0, 0x3C, 0x0F, 0x03, 0xC0, 0xF0, 0x3C, 0x0F,
  0x03, 0xC0, 0xF0, 0x3C, 0x0F, 0x03, 0xC0, 0xF0, 0x3C, 0x0F, 0x03, 0xC0,
  0xF0, 0x3C, 0x0F, 0xFF, 0xFF, 0xC0, 0xFF, 0xFF, 0xFC, 0x0F, 0x03, 0xC0,
  0xF0, 0x3C, 0x0F, 0x03, 0xC0, 0xF0, 0x3C, 0x0F, 0x03, 0xC0, 0xF0, 0x3C,
  0x0F, 0x03, 0xC0, 0xF0, 0x3C, 0x0F, 0x03, 0xC0, 0xF0, 0x3C, 0x0F, 0x03,
  0xC0, 0xF0, 0x3C, 0x0F, 0xFF, 0xFF, 0xC0, 0xFF, 0xFF, 0xFC, 0x0F, 0x03,
  0xC0, 0xF0, 0x3C, 0x0F, 0x03, 0xC0, 0xF0, 0x3C, 0x0F, 0x03, 0xC0, 0xF0,
  0x3C, 0x0F, 0x03, 0xC0, 0xF0, 0x3C, 0x0F, 0x03, 0xC0, 0xF0, 0x3C, 0x0F,
  0x03, 0xC0, 0xF0, 0x3C, 0x0F, 0xFF, 0xFF, 0xC0, 0xFF, 0xFF, 0xFC, 0x0F,
  0x03, 0xC0, 0xF0, 0x3C, 0x0F, 0x03, 0xC0, 0xF0, 0x3C, 0x0F, 0x03, 0xC0,
  0xF0, 0x3C, 0x0F, 0x03, 0xC0, 0xF0, 0x3C, 0x0F, 0x03, 0xC0, 0xF0, 0x3C,
  0x0F, 0x03, 0xC0, 0xF0, 0x3C, 0x0F, 0xFF, 0xFF, 0xC0, 0xFF, 0xFF, 0xFC,
  0x0F, 0x03, 0xC0, 0xF0, 0x3C, 0x0F, 0x03, 0xC0, 0xF0, 0x3C, 0x0F, 0x03,
  0xC0, 0xF0, 0x3C, 0x0F, 0x03, 0xC0, 0xF0, 0x3C, 0x0F, 0x03, 0xC0, 0xF0,
  0x3C, 0x0F, 0x03, 0xC0, 0xF0, 0x3C, 0x0F, 0xFF, 0xFF, 0xC0, 0xFF, 0xFF,
  0xFC, 0x0F, 0x03, 0xC0, 0xF0, 0x3C, 0x0F, 0x03, 0xC0, 0xF0, 0x3C, 0x0F,
  0x03, 0xC0, 0xF0, 0x3C, 0x0F, 0x03, 0xC0, 0xF0, 0x3C, 0x0F, 0x03, 0xC0,
  0xF0, 0x3C, 0x0F, 0x03, 0xC0, 0xF0, 0x3C, 0x0F, 0xFF, 0xFF, 0xC0, 0xFF,
  0xFF, 0xFC, 0x0F, 0x03, 0xC0, 0xF0, 0x3C, 0x0F, 0x03, 0xC0, 0xF0, 0x3C,
  0x0F, 0x03, 0xC0, 0xF0, 0x3C, 0x0F, 0x03, 0xC0, 0xF0, 0x3C, 0x0F, 0x03,
  0xC0, 0xF0, 0x3C, 0x0F, 0x03, 0xC0, 0xF0, 0x3C, 0x0F, 0xFF, 0xFF, 0xC0,
  0xFF, 0xFF, 0xFC, 0x0F, 0x03, 0xC0, 0xF0, 0x3C, 0x0F, 0x03, 0xC0, 0xF0,
  0x3C, 0x0F, 0x03, 0xC0, 0xF0, 0x3C, 0x0F, 0x03, 0xC0, 0xF0, 0x3C, 0x0F,
  0x03, 0xC0, 0xF0, 0x3C, 0x0F, 0x03, 0xC0, 0xF0, 0x3C, 0x0F, 0xFF, 0xFF,
  0xC0, 0xFF, 0xFF, 0xFC, 0x0F, 0x03, 0xC0, 0xF0, 0x3C, 0x0F, 0x03, 0xC0,
  0xF0, 0x3C, 0x0F, 0x03, 0xC0, 0xF0, 0x3C, 0x0F, 0x03, 0xC0, 0xF0, 0x3C,
  0x0F, 0x03, 0xC0, 0xF0, 0x3C, 0x0F, 0x03, 0xC0, 0xF0, 0x3C, 0x0F, 0xFF,
  0xFF, 0xC0, 0xFF, 0xFF, 0xFC, 0x0F, 0x03, 0xC0, 0xF0, 0x3C, 0x0F, 0x03,
  0xC0, 0xF0, 0x3C, 0x0F, 0x03, 0xC0, 0xF0, 0x3C, 0x0F, 0x03, 0xC0, 0xF0,
  0x3C, 0x0F, 0x03, 0xC0, 0xF0, 0x3C, 0x0F, 0x03, 0xC0, 0xF0, 0x3C, 0x0F,
  0xFF, 0xFF, 0xC0, 0xFF, 0xFF, 0xFC, 0x0F, 0x03, 0xC0, 0xF0, 0x3C, 0x0F,
  0x03, 0xC0, 0xF0, 0x3C, 0x0F, 0x03, 0xC0, 0xF0, 0x3C, 0x0F, 0x03, 0xC0,
  0xF0, 0x3C, 0x0F, 0x03, 0xC0, 0xF0, 0x3C, 0x0F, 0x03, 0xC0, 0xF0, 0x3C,
  0x0F, 0xFF, 0xFF, 0xC0, 0xFF, 0xFF, 0xFC, 0x0F, 0x03, 0xC0, 0xF0, 0x3C,
  0x0F, 0x03, 0xC0, 0xF0, 0x3C, 0x0F, 0x03, 0xC0, 0xF0, 0x3C, 0x0F, 0x03,
  0xC0, 0xF0, 0x3C, 0x0F, 0x03, 0xC0, 0xF0, 0x3C, 0x0F, 0x03, 0xC0, 0xF0,
  0x3C, 0x0F, 0xFF, 0xFF, 0xC0, 0xFF, 0xFF, 0xFC, 0x0F, 0x03, 0xC0, 0xF0,
  0x3C, 0x0F, 0x03, 0xC0, 0xF0, 0x3C, 0x0F, 0x03, 0xC0, 0xF0, 0x3C, 0x0F,
  0x03, 0xC0, 0xF0, 0x3C, 0x0F, 0x03, 0xC0, 0xF0, 0x3C, 0x0F, 0x03, 0xC0,
  0xF0, 0x3C, 0x0F, 0xFF, 0xFF, 0xC0, 0xFF, 0xFF, 0xFC, 0x0F, 0x03, 0xC0,
  0xF0, 0x3C, 0x0F, 0x03, 0xC0, 0xF0, 0x3C, 0x0F, 0x03, 0xC0, 0xF0, 0x3C,
  0x0F, 0x03, 0xC0, 0xF0, 0x3C, 0x0F, 0x03, 0xC0, 0xF0, 0x3C, 0x0F, 0x03,
  0xC0, 0xF0, 0x3C, 0x0F, 0xFF, 0xFF, 0xC0, 0xFF, 0xFF, 0xFC, 0x0F, 0x03,
  0xC0, 0xF0, 0x3C, 0x0F, 0x03, 0xC0, 0xF0, 0x3C, 0x0F, 0x03, 0xC0, 0xF0,
  0x3C, 0x0F, 0x03, 0xC0, 0xF0, 0x3C, 0x0F, 0x03, 0xC0, 0xF0, 0x3C, 0x0F,
  0x03, 0xC0, 0xF0, 0x3C, 0x0F, 0xFF, 0xFF, 0xC0, 0xFF, 0xFF, 0xFC, 0x0F,
  0x03, 0xC0, 0xF0, 0x3C, 0x0F, 0x03, 0xC0, 0xF0, 0x3C, 0x0F, 0x03, 0xC0,
  0xF0, 0x3C, 0x0F, 0x03, 0xC0, 0xF0, 0x3C, 0x0F, 0x03, 0xC0, 0xF0, 0x3C,
  0x0F, 0x03, 0xC0, 0xF0, 0x3C, 0x0F, 0xFF, 0xFF, 0xC0, 0xFF, 0xFF, 0xFC,
  0x0F, 0x03, 0xC0, 0xF0, 0x3C, 0x0F, 0x03, 0xC0, 0xF0, 0x3C, 0x0F, 0x03,
  0xC0, 0xF0, 0x3C, 0x0F, 0x03, 0xC0, 0xF0, 0x3C, 0x0F, 0x03, 0xC0, 0xF0,
  0x3C, 0x0F, 0x03, 0xC0, 0xF0, 0x3C, 0x0F, 0xFF, 0xFF, 0xC0, 0xFF, 0xFF,
  0xFC, 0x0F, 0x03, 0xC0, 0xF0, 0x3C, 0x0F, 0x03, 0xC0, 0xF0, 0x3C, 0x0F,
  0x03, 0xC0, 0xF0, 0x3C, 0x0F, 0x03, 0xC0, 0xF0, 0x3C, 0x0F, 0x03, 0xC0,
  0xF0, 0x3C, 0x0F, 0x03, 0xC0, 0xF0, 0x3C, 0x0F, 0xFF, 0xFF, 0xC0, 0xFF,
  0xFF, 0xFC, 0x0F, 0x03, 0xC0, 0xF0, 0x3C, 0x0F, 0x03, 0xC0, 0xF0, 0x3C,
  0x0F, 0x03, 0xC0, 0xF0, 0x3C, 0x0F, 0x03, 0xC0, 0xF0, 0x3C, 0x0F, 0x03,
  0xC0, 0xF0, 0x3C, 0x0F, 0x03, 0xC0, 0xF0, 0x3C, 0x0F, 0xFF, 0xFF, 0xC0,
  0xFF, 0xFF, 0xFC, 0x0F, 0x03, 0xC0, 0xF0, 0x3C, 0x0F, 0x03, 0xC0, 0xF0,
  0x3C, 0x0F, 0x03, 0xC0, 0xF0, 0x3C, 0x0F, 0x03, 0xC0, 0xF0, 0x3C, 0x0F,
  0x03, 0xC0, 0xF0, 0x3C, 0x0F, 0x03, 0xC0, 0xF0, 0x3C, 0x0F, 0xFF, 0xFF,
  0xC0, 0xFF, 0xFF, 0xFC, 0x0F, 0x03, 0xC0, 0xF0, 0x3C, 0x0F, 0x03, 0xC0,
  0xF0, 0x3C, 0x0F, 0x03, 0xC0, 0xF0, 0x3C, 0x0F, 0x03, 0xC0, 0xF0, 0x3C,
  0x0F, 0x03, 0xC0, 0xF0, 0x3C, 0x0F, 0x03, 0xC0, 0xF0, 0x3C, 0x0F, 0xFF,
  0xFF, 0xC0, 0xFF, 0xFF, 0xFC, 0x0F, 0x03, 0xC0, 0xF0, 0x3C, 0x0F, 0x03,
  0xC0, 0xF0, 0x3C, 0x0F, 0x03, 0xC0, 0xF0, 0x3C, 0x0F, 0x03, 0xC0, 0xF0,
  0x3C, 0x0F, 0x03, 0xC0, 0xF0, 0x3C, 0x0F, 0x03, 0xC0, 0xF0, 0x3C, 0x0F,
  0xFF, 0xFF, 0xC0, 0xFF, 0xFF, 0xFC, 0x0F, 0x03, 0xC0, 0xF0, 0x3C, 0x0F,
  0x03, 0xC0, 0xF0, 0x3C, 0x0F, 0x03, 0xC0, 0xF0, 0x3C, 0x0F, 0x03, 0xC0,
  0xF0, 0x3C, 0x0F, 0x03, 0xC0, 0xF0, 0x3C, 0x0F, 0x03, 0xC0, 0xF0, 0x3C,
  0x0F, 0xFF, 0xFF, 0xC0, 0xFF, 0xFF, 0xFC, 0x0F, 0x03, 0xC0, 0xF0, 0x3C,
  0x0F, 0x03, 0xC0, 0xF0, 0x3C, 0x0F, 0x03, 0xC0, 0xF0, 0x3C, 0x0F, 0x03,
  0xC0, 0xF0, 0x3C, 0x0F, 0x03, 0xC0, 0xF0, 0x3C, 0x0F, 0x03, 0xC0, 0xF0,
  0x3C, 0x0F, 0xFF, 0xFF, 0xC0, 0xFF, 0xFF, 0xFC, 0x0F, 0x03, 0xC0, 0xF0,
  0x3C, 0x0F, 0x03, 0xC0, 0xF0, 0x3C, 0x0F, 0x03, 0xC0, 0xF0, 0x3C, 0x0F,
  0x03, 0xC0, 0xF0, 0x3C, 0x0F, 0x03, 0xC0, 0xF0, 0x3C, 0x0F, 0x03, 0xC0,
  0xF0, 0x3C, 0x0F, 0xFF, 0xFF, 0xC0, 0xFF, 0xFF, 0xFC, 0x0F, 0x03, 0xC0,
  0xF0, 0x3C, 0x0F, 0x03, 0xC0, 0xF0, 0x3C, 0x0F, 0x03, 0xC0, 0xF0, 0x3C,
  0x0F, 0x03, 0xC0, 0xF0, 0x3C, 0x0F, 0x03, 0xC0, 0xF0, 0x3C, 0x0F, 0x03,
  0xC0, 0xF0, 0x3C, 0x0F, 0xFF, 0xFF, 0xC0, 0xFF, 0xFF, 0xFC, 0x0F, 0x03,
  0xC0, 0xF0, 0x3C, 0x0F, 0x03, 0xC0, 0xF0, 0x3C, 0x0F, 0x03, 0xC0, 0xF0,
  0x3C, 0x0F, 0x03, 0xC0, 0xF0, 0x3C, 0x0F, 0x03, 0xC0, 0xF0, 0x3C, 0x0F,
  0x03, 0xC0, 0xF0, 0x3C, 0x0F, 0xFF, 0xFF, 0xC0, 0xFF, 0xFF, 0xFC, 0x0F,
  0x03, 0xC0, 0xF0, 0x3C, 0x0F, 0x03, 0xC0, 0xF0, 0x3C, 0x0F, 0x03, 0xC0,
  0xF0, 0x3C, 0x0F, 0x03, 0xC0, 0xF0, 0x3C, 0x0F, 0x03, 0xC0, 0xF0, 0x3C,
  0x0F, 0x03, 0xC0, 0xF0, 0x3C, 0x0F, 0xFF, 0xFF, 0xC0, 0xFF, 0xFF, 0xFC,
  0x0F, 0x03, 0xC0, 0xF0, 0x3C, 0x0F, 0x03, 0xC0, 0xF0, 0x3C, 0x0F, 0x03,
  0xC0, 0xF0, 0x3C, 0x0F, 0x03, 0xC0, 0xF0, 0x3C, 0x0F, 0x03, 0xC0, 0xF0,
  0x3C, 0x0F, 0x03, 0xC0, 0xF0, 0x3C, 0x0F, 0xFF, 0xFF, 0xC0, 0xFF, 0xFF,
  0xFC, 0x0F, 0x03, 0xC0, 0xF0, 0x3C, 0x0F, 0x03, 0xC0, 0xF0, 0x3C, 0x0F,
  0x03, 0xC0, 0xF0, 0x3C, 0x0F, 0x03, 0xC0, 0xF0, 0x3C, 0x0F, 0x03, 0xC0,
  0xF0, 0x3C, 0x0F, 0x03, 0xC0, 0xF0, 0x3C, 0x0F, 0xFF, 0xFF, 0xC0, 0xFF,
  0xFF, 0xFC, 0x0F, 0x03, 0xC0, 0xF0, 0x3C, 0x0F, 0x03, 0xC0, 0xF0, 0x3C,
  0x0F, 0x03, 0xC0, 0xF0, 0x3C, 0x0F, 0x03, 0xC0, 0xF0, 0x3C, 0x0F, 0x03,
  0xC0, 0xF0, 0x3C, 0x0F, 0x03, 0xC0, 0xF0, 0x3C, 0x0F, 0xFF, 0xFF, 0xC0,
  0xFF, 0xFF, 0xFC, 0x0F, 0x03, 0xC0, 0xF0, 0x3C, 0x0F, 0x03, 0xC0, 0xF0,
  0x3C, 0x0F, 0x03, 0xC0, 0xF0, 0x3C, 0x0F, 0x03, 0xC0, 0xF0, 0x3C, 0x0F,
  0x03, 0xC0, 0xF0, 0x3C, 0x0F, 0x03, 0xC0, 0xF0, 0x3C, 0x0F, 0xFF, 0xFF,
  0xC0 };

const GFXglyph MusicArtistThaiGlyphs[] PROGMEM = {
  {     0,  10,  29,  14,    2,  -28 },   // 0xE00
  {    37,  11,  14,  16,    2,  -13 },   // 0xE01
  {    57,  12,  14,  16,    2,  -13 },   // 0xE02
  {    78,  12,  15,  16,    2,  -14 },   // 0xE03
  {   101,  12,  15,  16,    2,  -14 },   // 0xE04
  {   124,  12,  15,  16,    2,  -14 },   // 0xE05
  {   147,  13,  15,  16,    1,  -14 },   // 0xE06
  {   172,  11,  14,  16,    2,  -13 },   // 0xE07
  {   192,  12,  15,  16,    2,  -14 },   // 0xE08
  {   215,  13,  15,  16,    1,  -14 },   // 0xE09
  {   240,  15,  16,  16,    1,  -15 },   // 0xE0A
  {   270,  15,  16,  16,    1,  -15 },   // 0xE0B
  {   300,  15,  14,  16,    0,  -13 },   // 0xE0C
  {   327,  15,  20,  16,    0,  -13 },   // 0xE0D
  {   365,  13,  20,  16,    1,  -13 },   // 0xE0E
  {   398,  13,  20,  16,    1,  -13 },   // 0xE0F
  {   431,  12,  22,  16,    2,  -14 },   // 0xE10
  {   464,  15,  15,  16,    0,  -14 },   // 0xE11
  {   493,  15,  15,  16,    0,  -14 },   // 0xE12
  {   522,  16,  14,  16,    0,  -13 },   // 0xE13
  {   550,  12,  14,  16,    2,  -13 },   // 0xE14
  {   571,  12,  15,  16,    2,  -14 },   // 0xE15
  {   594,  11,  14,  16,    2,  -13 },   // 0xE16
  {   614,  13,  14,  16,    1,  -13 },   // 0xE17
  {   637,  12,  15,  16,    2,  -14 },   // 0xE18
  {   660,  13,  14,  16,    1,  -13 },   // 0xE19
  {   683,  13,  14,  16,    1,  -13 },   // 0xE1A
  {   706,  13,  20,  16,    1,  -19 },   // 0xE1B
  {   739,  11,  14,  16,    2,  -13 },   // 0xE1C
  {   759,  11,  20,  16,    2,  -19 },   // 0xE1D
  {   787,  14,  14,  16,    1,  -13 },   // 0xE1E
  {   812,  14,  20,  16,    1,  -19 },   // 0xE1F
  {   847,  13,  14,  16,    1,  -13 },   // 0xE20
  {   870,  13,  14,  16,    1,  -13 },   // 0xE21
  {   893,  11,  14,  16,    2,  -13 },   // 0xE22
  {   913,  12,  15,  16,    2,  -14 },   // 0xE23
  {   936,  11,  20,  16,    2,  -13 },   // 0xE24
  {   964,  11,  15,  16,    2,  -14 },   // 0xE25
  {   985,  13,  20,  16,    1,  -13 },   // 0xE26
  {  1018,  11,  14,  16,    2,  -13 },   // 0xE27
  {  1038,  13,  16,  16,    2,  -15 },   // 0xE28
  {  1064,  16,  14,  16,    0,  -13 },   // 0xE29
  {  1092,  13,  16,  16,    2,  -15 },   // 0xE2A
  {  1118,  13,  15,  16,    1,  -14 },   // 0xE2B
  {  1143,  17,  16,  16,    0,  -15 },   // 0xE2C
  {  1177,  11,  14,  16,    2,  -13 },   // 0xE2D
  {  1197,  12,  15,  16,    2,  -14 },   // 0xE2E
  {  1220,  10,  14,  16,    3,  -13 },   // 0xE2F
  {  1238,  10,  13,  16,    3,  -13 },   // 0xE30
  {  1255,  10,   5,   0,   -7,  -22 },   // 0xE31
  {  1262,  11,  14,  16,    2,  -13 },   // 0xE32
  {  1282,  19,  23,  16,   -5,  -22 },   // 0xE33
  {  1337,  12,   5,   0,  -13,  -21 },   // 0xE34
  {  1345,  12,   6,   0,  -13,  -22 },   // 0xE35
  {  1354,  12,   6,   0,  -13,  -22 },   // 0xE36
  {  1363,  12,   6,   0,  -13,  -22 },   // 0xE37
  {  1372,   5,   7,   0,   -6,    3 },   // 0xE38
  {  1377,   9,   7,   0,  -10,    2 },   // 0xE39
  {  1385,   2,   3,   0,   -3,    3 },   // 0xE3A
  {  1386,  10,  29,  14,    2,  -28 },   // 0xE3B
  {  1423,  10,  29,  14,    2,  -28 },   // 0xE3C
  {  1460,  10,  29,  14,    2,  -28 },   // 0xE3D
  {  1497,  10,  29,  14,    2,  -28 },   // 0xE3E
  {  1534,  14,  23,  16,    1,  -19 },   // 0xE3F
  {  1575,   5,  14,  16,    6,  -13 },   // 0xE40
  {  1584,  12,  14,  16,    3,  -13 },   // 0xE41
  {  1605,  12,  24,  16,    2,  -23 },   // 0xE42
  {  1641,  12,  24,  16,    2,  -23 },   // 0xE43
  {  1677,  12,  25,  16,    2,  -24 },   // 0xE44
  {  1715,  11,  19,  16,    2,  -13 },   // 0xE45
  {  1742,  11,  19,  16,    2,  -13 },   // 0xE46
  {  1769,  10,   9,   0,  -11,  -25 },   // 0xE47
  {  1781,   2,   5,   0,   -4,  -28 },   // 0xE48
  {  1783,   7,   5,   0,   -6,  -28 },   // 0xE49
  {  1788,   9,   5,   0,   -7,  -28 },   // 0xE4A
  {  1794,   6,   5,   0,   -5,  -28 },   // 0xE4B
  {  1798,   9,   6,   0,   -6,  -27 },   // 0xE4C
  {  1805,   5,   5,   0,   -5,  -22 },   // 0xE4D
  {  1809,   7,   8,   0,  -10,  -25 },   // 0xE4E
  {  1816,  14,  14,  16,    1,  -13 },   // 0xE4F
  {  1841,  12,  11,  16,    2,  -10 },   // 0xE50
  {  1858,  12,  13,  16,    2,  -10 },   // 0xE51
  {  1878,  14,  16,  16,    1,  -15 },   // 0xE52
  {  1906,  14,  11,  16,    1,  -10 },   // 0xE53
  {  1926,  13,  15,  16,    2,  -14 },   // 0xE54
  {  1951,  13,  15,  16,    1,  -14 },   // 0xE55
  {  1976,  14,  15,  16,    1,  -14 },   // 0xE56
  {  2003,  14,  15,  16,    1,  -14 },   // 0xE57
  {  2030,  13,  16,  16,    2,  -15 },   // 0xE58
  {  2056,  14,  15,  16,    1,  -14 },   // 0xE59
  {  2083,  15,  15,  21,    3,  -14 },   // 0xE5A
  {  2112,  28,  14,  33,    3,  -14 },   // 0xE5B
  {  2161,  10,  29,  14,    2,  -28 },   // 0xE5C
  {  2198,  10,  29,  14,    2,  -28 },   // 0xE5D
  {  2235,  10,  29,  14,    2,  -28 },   // 0xE5E
  {  2272,  10,  29,  14,    2,  -28 },   // 0xE5F
  {  2309,  10,  29,  14,    2,  -28 },   // 0xE60
  {  2346,  10,  29,  14,    2,  -28 },   // 0xE61
  {  2383,  10,  29,  14,    2,  -28 },   // 0xE62
  {  2420,  10,  29,  14,    2,  -28 },   // 0xE63
  {  2457,  10,  29,  14,    2,  -28 },   // 0xE64
  {  2494,  10,  29,  14,    2,  -28 },   // 0xE65
  {  2531,  10,  29,  14,    2,  -28 },   // 0xE66
  {  2568,  10,  29,  14,    2,  -28 },   // 0xE67
  {  2605,  10,  29,  14,    2,  -28 },   // 0xE68
  {  2642,  10,  29,  14,    2,  -28 },   // 0xE69
  {  2679,  10,  29,  14,    2,  -28 },   // 0xE6A
  {  2716,  10,  29,  14,    2,  -28 },   // 0xE6B
  {  2753,  10,  29,  14,    2,  -28 },   // 0xE6C
  {  2790,  10,  29,  14,    2,  -28 },   // 0xE6D
  {  2827,  10,  29,  14,    2,  -28 },   // 0xE6E
  {  2864,  10,  29,  14,    2,  -28 },   // 0xE6F
  {  2901,  10,  29,  14,    2,  -28 },   // 0xE70
  {  2938,  10,  29,  14,    2,  -28 },   // 0xE71
  {  2975,  10,  29,  14,    2,  -28 },   // 0xE72
  {  3012,  10,  29,  14,    2,  -28 },   // 0xE73
  {  3049,  10,  29,  14,    2,  -28 },   // 0xE74
  {  3086,  10,  29,  14,    2,  -28 },   // 0xE75
  {  3123,  10,  29,  14,    2,  -28 },   // 0xE76
  {  3160,  10,  29,  14,    2,  -28 },   // 0xE77
  {  3197,  10,  29,  14,    2,  -28 },   // 0xE78
  {  3234,  10,  29,  14,    2,  -28 },   // 0xE79
  {  3271,  10,  29,  14,    2,  -28 },   // 0xE7A
  {  3308,  10,  29,  14,    2,  -28 },   // 0xE7B
  {  3345,  10,  29,  14,    2,  -28 },   // 0xE7C
  {  3382,  10,  29,  14,    2,  -28 },   // 0xE7D
  {  3419,  10,  29,  14,    2,  -28 },   // 0xE7E
  {  3456,  10,  29,  14,    2,  -28 } }; // 0xE7F

const GFXfont MusicArtistThai PROGMEM = {
  (uint8_t  *)MusicArtistThaiBitmaps,
  (GFXglyph *)MusicArtistThaiGlyphs,
  0xE00, 0xE7F, 38 };

#endif // THAI_FONT_H
